PLAYER,YRS,G,AB,R,H,2B,3B,HR,RBI,BB,SO,SB,CS,BA,HOF
Player 0001,3,375,1497,89,452,64,16,64,277,125,356,22,6,0.302,0
Player 0002,20,1560,4893,450,1189,207,20,254,665,659,490,249,82,0.243,0
Player 0003,17,1598,4269,363,1400,324,42,54,749,516,609,123,36,0.328,0
Player 0004,11,462,1791,92,440,82,24,20,278,94,401,23,3,0.246,0
Player 0005,11,440,1460,78,359,59,16,37,213,180,321,44,14,0.246,0
Player 0006,22,2178,7534,571,2439,579,144,84,1331,900,992,164,14,0.324,0
Player 0007,3,147,612,39,169,29,7,33,67,59,115,21,4,0.276,0
Player 0008,18,2772,9791,400,2454,422,152,256,1547,927,2171,494,89,0.251,0
Player 0009,6,816,2629,236,695,117,40,83,422,329,532,81,18,0.264,0
Player 0010,3,348,1088,58,345,54,7,17,167,95,196,30,6,0.317,0
Player 0011,14,1680,5392,430,1732,275,119,148,853,346,562,114,16,0.321,0
Player 0012,25,2550,6888,746,1662,336,26,373,745,538,631,447,60,0.241,1
Player 0013,19,608,2341,142,628,78,30,68,461,172,417,56,16,0.268,0
Player 0014,20,1520,5964,175,1629,328,95,32,1130,663,954,61,6,0.273,0
Player 0015,18,1602,4779,334,1125,162,37,81,646,315,564,279,59,0.235,0
Player 0016,20,2860,8627,303,2312,384,110,465,1180,931,1094,495,65,0.268,1
Player 0017,13,689,2746,174,741,101,25,149,477,252,391,57,9,0.27,0
Player 0018,4,356,904,50,280,52,5,14,157,113,143,24,3,0.31,0
Player 0019,21,1449,4904,337,1531,317,23,175,1133,459,698,182,49,0.312,0
Player 0020,12,504,1657,141,428,69,8,14,159,221,235,76,15,0.258,0
Player 0021,13,494,1814,59,476,66,9,61,173,237,178,46,7,0.262,0
Player 0022,10,720,1999,119,586,86,28,22,338,133,436,47,14,0.293,0
Player 0023,5,175,636,38,158,34,6,29,68,71,112,10,1,0.248,0
Player 0024,24,792,2487,136,722,109,28,129,427,172,257,51,14,0.29,0
Player 0025,20,1400,4972,165,1327,282,70,67,879,617,734,42,6,0.267,0
Player 0026,17,867,2226,74,525,83,8,62,212,238,326,123,40,0.236,0
Player 0027,11,1067,3505,180,828,118,24,35,435,268,617,29,2,0.236,0
Player 0028,21,567,1920,126,615,127,35,42,384,139,340,44,10,0.32,0
Player 0029,14,896,2566,184,678,119,44,21,463,227,470,136,33,0.264,0
Player 0030,12,996,2726,113,892,110,34,49,489,332,522,78,18,0.327,0
Player 0031,12,1800,5076,322,1279,300,24,276,553,617,490,108,32,0.252,0
Player 0032,6,642,1980,103,554,76,32,14,323,104,254,109,12,0.28,0
Player 0033,3,417,1111,58,393,63,25,53,209,85,91,13,2,0.354,0
Player 0034,14,966,3970,232,924,153,34,35,608,349,606,154,48,0.233,0
Player 0035,23,1909,6086,282,1238,221,35,191,708,625,905,39,12,0.203,0
Player 0036,2,158,612,31,192,41,3,16,88,38,120,12,2,0.314,0
Player 0037,22,3080,12802,871,3086,372,146,660,2011,1026,1366,361,83,0.241,1
Player 0038,21,3129,8251,621,2221,515,144,123,1237,1070,1493,228,65,0.269,0
Player 0039,7,1050,3788,226,945,186,49,52,397,351,488,105,30,0.249,0
Player 0040,16,1952,7771,187,2171,508,70,329,1248,908,1096,87,27,0.279,0
Player 0041,5,450,1610,53,381,83,19,66,277,150,314,48,14,0.237,0
Player 0042,19,1805,5828,184,1536,355,93,232,971,535,532,59,11,0.264,0
Player 0043,18,2736,8845,679,2527,485,104,55,1186,937,1192,397,101,0.286,0
Player 0044,9,549,1406,144,330,53,19,25,209,103,200,59,12,0.235,0
Player 0045,2,140,477,16,117,20,4,22,54,34,92,12,1,0.245,0
Player 0046,25,3525,14766,452,3807,757,130,517,2158,2053,1651,68,20,0.258,1
Player 0047,12,900,3716,135,817,139,38,130,458,476,860,85,20,0.22,0
Player 0048,23,1265,3249,265,829,172,33,64,372,378,778,133,12,0.255,0
Player 0049,17,1649,6101,357,1672,219,114,109,817,380,1287,90,23,0.274,0
Player 0050,20,1340,4037,309,1033,226,44,211,750,212,516,167,26,0.256,0
Player 0051,19,2660,10733,742,2795,403,101,444,1258,706,1998,61,6,0.26,1
Player 0052,5,715,1842,103,496,115,18,20,332,247,171,32,7,0.269,0
Player 0053,10,640,2618,143,646,89,29,135,398,323,574,86,23,0.247,0
Player 0054,12,1116,4378,226,1287,174,44,149,724,425,711,39,8,0.294,0
Player 0055,13,1976,5334,291,1708,371,93,115,691,731,577,102,8,0.32,0
Player 0056,2,242,629,67,159,34,5,15,68,39,83,29,6,0.253,0
Player 0057,14,742,2907,74,834,174,30,119,351,291,605,99,8,0.287,0
Player 0058,4,404,1116,95,291,68,14,26,170,74,244,7,2,0.261,0
Player 0059,19,1995,6801,479,1923,293,35,230,1421,527,1109,62,9,0.283,0
Player 0060,18,1962,7959,552,2585,566,131,322,1811,1071,1248,168,52,0.325,0
Player 0061,24,672,2328,130,670,108,28,34,241,298,465,74,6,0.288,0
Player 0062,19,1197,3800,180,790,145,31,198,362,224,806,104,11,0.208,0
Player 0063,10,1360,4428,356,1265,219,69,100,522,320,896,163,32,0.286,0
Player 0064,25,1400,3650,349,1142,137,64,94,845,377,516,193,54,0.313,0
Player 0065,11,693,2873,131,753,142,46,114,334,159,524,118,39,0.262,0
Player 0066,9,594,1798,147,548,114,19,63,235,178,390,41,9,0.305,0
Player 0067,23,1104,3115,153,765,107,25,84,457,319,324,41,7,0.246,0
Player 0068,10,450,1343,94,292,67,15,50,167,102,190,24,2,0.217,0
Player 0069,2,140,579,37,159,29,7,29,70,44,51,4,0,0.275,0
Player 0070,12,1656,4405,248,918,129,45,198,567,311,640,127,23,0.208,0
Player 0071,20,500,1987,93,519,102,23,91,201,266,404,79,25,0.261,0
Player 0072,5,305,1129,88,355,50,20,20,127,95,125,21,4,0.314,0
Player 0073,12,384,1501,98,304,38,7,38,116,154,250,13,3,0.203,0
Player 0074,4,388,1613,106,363,73,16,52,180,124,138,38,11,0.225,0
Player 0075,18,1026,4033,169,943,125,22,29,697,456,901,183,19,0.234,0
Player 0076,12,1524,6254,456,1674,222,62,271,952,369,1320,63,12,0.268,0
Player 0077,9,909,2468,103,634,132,32,52,413,139,404,129,41,0.257,0
Player 0078,6,756,2912,146,928,117,39,55,444,340,561,113,21,0.319,0
Player 0079,15,1605,5501,297,1669,362,59,98,1064,634,531,125,29,0.303,0
Player 0080,17,1377,4714,352,1354,291,86,90,997,348,1014,158,49,0.287,0
Player 0081,24,3264,13147,913,3616,495,207,287,1783,1077,2556,272,38,0.275,1
Player 0082,11,946,3927,227,1114,202,48,138,835,534,389,51,16,0.284,0
Player 0083,5,740,2736,161,656,86,44,93,397,162,648,61,11,0.24,0
Player 0084,21,3234,10740,562,3222,631,123,191,2092,714,897,84,20,0.3,0
Player 0085,16,1616,5293,310,1223,155,71,81,551,469,955,210,35,0.231,0
Player 0086,18,2016,6364,387,1904,444,46,294,1156,479,684,304,67,0.299,0
Player 0087,3,174,541,14,168,24,5,5,93,58,105,10,0,0.311,0
Player 0088,8,1040,3292,198,913,184,30,100,668,369,300,110,10,0.277,0
Player 0089,20,2240,5941,601,1567,212,32,184,1115,578,552,110,21,0.264,0
Player 0090,21,2982,7847,703,2228,323,94,264,1133,823,1213,94,16,0.284,0
Player 0091,11,649,2482,165,446,77,11,122,325,220,593,79,19,0.18,0
Player 0092,21,2667,8689,442,2437,460,121,314,1715,1029,1079,87,7,0.28,1
Player 0093,22,1892,7723,371,2054,492,52,414,1203,415,1374,270,33,0.266,1
Player 0094,10,490,1734,42,465,57,10,84,178,135,282,27,3,0.268,0
Player 0095,23,1081,2767,177,815,97,55,43,337,308,594,161,32,0.295,0
Player 0096,8,784,2169,144,579,93,29,37,220,172,273,56,8,0.267,0
Player 0097,6,396,1128,53,259,42,17,25,101,64,190,28,3,0.23,0
Player 0098,18,684,2844,59,753,170,31,69,557,230,660,94,22,0.265,0
Player 0099,16,1280,3675,296,1000,229,16,119,434,419,489,123,34,0.272,0
Player 0100,4,436,1472,76,403,90,18,24,252,89,221,19,5,0.274,0
Player 0101,21,1386,5670,237,1563,214,71,91,945,653,1259,214,33,0.276,0
Player 0102,5,745,3100,100,949,160,15,74,571,371,412,50,15,0.306,0
Player 0103,21,2646,7678,524,1781,373,111,296,770,822,1081,72,17,0.232,0
Player 0104,1,91,235,16,64,10,3,9,37,16,30,7,1,0.272,0
Player 0105,20,2920,8062,538,2540,506,142,433,1524,987,1689,314,43,0.315,1
Player 0106,20,1620,4224,336,884,131,37,63,511,292,966,184,26,0.209,0
Player 0107,20,860,2435,69,672,106,32,60,285,320,440,130,27,0.276,0
Player 0108,17,493,1709,137,426,95,12,90,272,194,307,50,7,0.249,0
Player 0109,12,1752,7097,167,1824,273,125,280,691,389,1010,84,22,0.257,0
Player 0110,18,2682,9154,480,2181,514,80,316,1279,1116,750,146,23,0.238,0
Player 0111,7,847,3018,106,796,124,19,96,417,288,325,22,2,0.264,0
Player 0112,20,760,2160,148,722,88,13,18,324,195,223,102,12,0.334,0
Player 0113,14,882,3405,124,768,115,38,169,516,299,335,24,2,0.226,0
Player 0114,12,360,1278,96,292,41,20,46,122,133,235,40,7,0.228,0
Player 0115,13,403,1599,67,358,64,23,53,258,184,162,44,3,0.224,0
Player 0116,15,840,3454,185,1141,152,61,110,803,451,323,120,27,0.33,0
Player 0117,1,99,306,13,77,15,5,7,38,22,43,2,0,0.252,0
Player 0118,4,132,350,11,94,21,5,6,44,37,41,5,1,0.269,0
Player 0119,7,1064,3068,179,785,128,26,131,317,342,317,175,58,0.256,0
Player 0120,3,252,817,49,193,27,9,24,138,90,84,27,8,0.236,0
Player 0121,11,649,2665,117,697,117,13,17,418,251,322,56,13,0.262,0
Player 0122,17,1564,4915,456,1749,374,47,122,634,418,815,214,41,0.356,0
Player 0123,17,2159,8226,508,2621,500,99,423,1453,975,1655,352,94,0.319,1
Player 0124,12,780,2666,233,640,84,16,63,245,205,577,42,13,0.24,0
Player 0125,22,682,1916,98,560,103,37,49,324,131,383,111,23,0.292,0
Player 0126,15,465,1416,117,341,60,23,51,188,140,255,13,1,0.241,0
Player 0127,2,270,974,54,202,32,7,43,77,72,219,47,13,0.207,0
Player 0128,20,780,2842,167,868,115,46,109,587,150,463,29,2,0.305,0
Player 0129,15,1605,5198,476,1614,383,60,246,734,284,942,88,25,0.311,0
Player 0130,16,1184,3420,265,1048,147,23,36,593,384,498,31,3,0.306,0
Player 0131,15,1890,7044,524,1786,255,59,360,1081,969,932,277,30,0.254,0
Player 0132,14,448,1248,107,329,45,9,62,241,113,166,79,22,0.264,0
Player 0133,3,423,1731,45,512,96,16,53,280,109,179,25,6,0.296,0
Player 0134,14,1610,4539,376,1287,222,34,164,922,561,941,105,24,0.284,0
Player 0135,20,1660,4452,309,1140,170,24,69,560,327,395,95,28,0.256,0
Player 0136,8,408,1365,115,291,49,7,37,201,190,256,14,4,0.213,0
Player 0137,16,2432,8228,626,2254,452,146,124,1001,828,1796,349,71,0.274,0
Player 0138,1,64,215,6,66,10,1,1,41,15,34,1,0,0.307,0
Player 0139,9,792,2567,86,585,134,19,138,225,242,234,138,24,0.228,0
Player 0140,11,836,3503,79,1024,160,45,62,762,280,520,140,17,0.292,0
Player 0141,25,1350,4491,254,1264,181,43,155,924,539,605,40,12,0.281,0
Player 0142,6,474,1570,46,465,109,20,31,245,93,373,47,9,0.296,0
Player 0143,7,308,990,73,297,64,5,23,166,125,188,55,17,0.3,0
Player 0144,11,275,718,55,176,28,8,17,103,85,140,42,4,0.245,0
Player 0145,25,1550,5437,409,1160,256,53,118,533,693,883,203,22,0.213,0
Player 0146,22,858,2477,121,622,113,32,91,385,323,479,11,0,0.251,0
Player 0147,1,78,279,15,84,13,3,14,52,19,54,1,0,0.301,0
Player 0148,6,822,2126,87,533,117,20,56,298,205,192,119,36,0.251,0
Player 0149,21,966,4026,265,989,207,33,216,404,509,465,71,13,0.246,0
Player 0150,2,50,164,5,33,5,0,6,23,13,13,6,0,0.201,0
Player 0151,22,858,3453,87,1144,220,48,122,453,191,557,116,20,0.331,0
Player 0152,8,728,2408,91,719,118,11,40,432,183,530,59,10,0.299,0
Player 0153,23,1380,3591,355,1066,128,35,29,417,257,637,47,11,0.297,0
Player 0154,8,704,2744,72,833,196,43,130,340,352,439,53,13,0.304,0
Player 0155,11,308,1109,66,321,59,6,37,114,101,253,48,5,0.289,0
Player 0156,17,1156,4426,282,1157,221,21,113,573,493,476,76,14,0.261,0
Player 0157,4,312,1007,76,266,51,13,45,161,137,92,6,1,0.264,0
Player 0158,14,1134,4064,138,1036,192,38,83,578,312,921,196,29,0.255,0
Player 0159,13,1248,4936,116,1787,276,105,218,1107,584,1107,156,29,0.362,0
Player 0160,20,2520,9003,450,2605,616,173,192,1615,468,1704,256,62,0.289,0
Player 0161,25,2125,6568,264,1666,324,112,335,676,389,783,320,60,0.254,0
Player 0162,17,2278,8260,532,2364,474,90,151,881,533,1942,182,16,0.286,0
Player 0163,11,1023,3725,162,873,152,25,44,523,290,754,181,25,0.234,0
Player 0164,11,638,2636,114,850,131,41,105,519,227,495,99,28,0.322,0
Player 0165,11,594,1859,62,458,58,22,24,262,172,215,34,5,0.246,0
Player 0166,21,1386,4466,283,1284,208,63,234,575,321,723,101,30,0.288,0
Player 0167,9,918,3562,110,1094,154,35,134,737,199,753,52,10,0.307,0
Player 0168,5,280,940,64,266,53,4,15,101,104,204,34,7,0.283,0
Player 0169,9,1287,4829,123,1319,297,35,74,795,251,820,152,43,0.273,0
Player 0170,1,87,285,25,77,12,1,14,30,35,46,8,1,0.27,0
Player 0171,3,411,1178,94,315,50,6,41,192,157,225,71,10,0.267,0
Player 0172,3,339,1276,40,318,63,20,63,164,145,209,30,3,0.249,0
Player 0173,20,1360,3703,113,941,129,14,38,599,383,543,194,50,0.254,0
Player 0174,19,1026,2911,157,936,216,45,149,347,317,272,125,25,0.322,0
Player 0175,18,2178,7765,247,2067,338,138,240,1182,844,777,213,63,0.266,0
Player 0176,12,804,3031,102,735,97,25,116,299,405,611,13,2,0.242,0
Player 0177,18,1026,4125,279,1039,146,45,97,647,564,346,124,23,0.252,0
Player 0178,5,725,2148,154,662,153,35,17,263,189,189,86,13,0.308,0
Player 0179,23,2001,5379,237,1579,236,51,284,599,567,1208,62,8,0.294,0
Player 0180,13,403,1662,81,481,95,19,90,305,203,320,58,17,0.289,0
Player 0181,24,2136,5900,291,1539,213,92,137,577,295,475,190,20,0.261,0
Player 0182,4,336,952,99,276,39,15,49,121,92,123,21,6,0.29,0
Player 0183,13,1781,5334,155,1320,297,78,71,897,580,1078,267,23,0.247,0
Player 0184,18,2106,7160,507,1868,257,129,91,1258,820,1051,143,31,0.261,0
Player 0185,13,637,2548,159,774,94,27,22,535,211,394,73,6,0.304,0
Player 0186,12,528,2002,50,601,108,33,49,288,153,307,60,17,0.3,0
Player 0187,5,515,1907,60,449,100,21,14,251,126,214,9,1,0.235,0
Player 0188,10,310,867,51,208,33,10,21,137,86,169,25,5,0.24,0
Player 0189,6,396,1230,107,336,45,18,14,136,163,118,18,5,0.273,0
Player 0190,8,336,1113,66,367,87,20,46,234,145,179,14,3,0.33,0
Player 0191,18,486,1336,108,271,54,17,62,105,110,143,58,7,0.203,0
Player 0192,16,2304,6830,581,1910,424,65,269,1366,500,597,27,7,0.28,0
Player 0193,16,576,1741,151,386,81,19,26,233,210,179,100,19,0.222,0
Player 0194,10,260,706,48,174,35,5,30,95,81,154,20,1,0.246,0
Player 0195,24,3504,12037,672,3096,514,147,210,1683,1149,1302,213,45,0.257,1
Player 0196,3,147,543,34,138,21,7,23,58,46,67,24,7,0.254,0
Player 0197,9,1179,3087,162,775,159,45,103,378,188,315,109,21,0.251,0
Player 0198,3,87,288,23,77,15,2,6,49,34,56,9,2,0.267,0
Player 0199,9,396,1516,33,380,88,16,13,215,160,229,50,13,0.251,0
Player 0200,25,975,3677,119,804,151,26,170,451,308,849,154,31,0.219,0
Player 0201,10,1160,4507,297,1339,208,32,234,573,598,839,37,6,0.297,0
Player 0202,23,2415,7877,373,2334,417,68,301,1461,861,1299,57,15,0.296,0
Player 0203,13,1118,4354,126,1304,252,84,231,660,581,805,200,35,0.299,0
Player 0204,18,1008,2932,122,633,108,20,151,267,271,253,11,1,0.216,0
Player 0205,12,432,1344,85,376,80,25,19,273,122,311,56,9,0.28,0
Player 0206,7,686,1920,182,563,107,15,79,311,257,447,78,24,0.293,0
Player 0207,20,1080,3558,103,832,100,45,79,466,485,441,112,17,0.234,0
Player 0208,25,2525,7995,218,2161,407,100,234,1604,1091,1443,362,51,0.27,0
Player 0209,7,798,2321,145,617,120,32,29,306,287,260,142,16,0.266,0
Player 0210,20,2700,10200,783,3411,783,171,548,2480,934,1709,48,4,0.334,1
Player 0211,7,623,1889,88,637,108,34,78,400,130,384,71,24,0.337,0
Player 0212,18,450,1333,130,282,53,18,24,170,112,307,59,13,0.212,0
Player 0213,20,1220,3321,335,1186,209,54,78,526,446,445,75,20,0.357,0
Player 0214,12,1620,5258,230,1251,229,23,137,463,434,1004,262,75,0.238,0
Player 0215,19,1786,5384,463,1638,209,48,228,860,635,1047,156,27,0.304,0
Player 0216,7,735,2298,169,698,158,37,117,247,305,265,27,7,0.304,0
Player 0217,2,168,487,32,114,26,4,10,43,66,87,26,8,0.234,0
Player 0218,3,138,524,23,150,27,6,14,88,70,96,23,6,0.286,0
Player 0219,12,1692,6905,438,1838,343,87,239,1175,690,1396,45,12,0.266,0
Player 0220,23,2875,9621,731,2784,353,100,237,1161,906,2308,396,77,0.289,0
Player 0221,4,616,2213,151,615,117,35,66,395,307,191,28,8,0.278,0
Player 0222,12,1632,6485,488,2022,346,110,66,1475,451,728,18,1,0.312,0
Player 0223,18,1116,4684,206,1277,261,69,62,826,313,483,60,16,0.273,0
Player 0224,6,348,1232,89,325,40,17,30,215,168,129,54,9,0.264,0
Player 0225,19,1083,4345,292,1339,274,85,220,843,486,663,36,8,0.308,0
Player 0226,8,1152,4659,145,1352,208,64,104,594,457,1027,37,11,0.29,0
Player 0227,21,2037,7833,181,2315,458,157,136,1144,484,1189,276,67,0.296,0
Player 0228,15,1260,4137,212,1020,199,21,174,744,397,773,99,8,0.247,0
Player 0229,14,2100,5539,563,1292,190,64,290,793,747,776,74,20,0.233,0
Player 0230,5,515,1301,73,325,56,17,36,216,135,170,25,8,0.25,0
Player 0231,12,1716,5682,401,1410,310,58,30,1039,491,1212,248,62,0.248,0
Player 0232,22,3366,11243,274,3344,644,103,443,1479,1119,2078,390,121,0.297,1
Player 0233,1,35,111,5,33,4,1,2,15,14,15,4,1,0.297,0
Player 0234,19,1349,4675,290,1236,214,43,180,751,617,1057,35,10,0.264,0
Player 0235,13,1560,5364,169,1716,270,111,101,617,461,856,137,23,0.32,0
Player 0236,18,2340,9178,648,2917,574,100,46,1687,961,1010,340,70,0.318,0
Player 0237,17,748,2008,85,559,108,13,44,376,150,315,41,12,0.278,0
Player 0238,11,726,2092,203,504,61,23,84,299,189,393,28,9,0.241,0
Player 0239,8,768,2955,98,960,185,35,72,449,206,409,57,6,0.325,0
Player 0240,16,2048,8071,611,2161,449,43,128,1382,789,1735,136,17,0.268,0
Player 0241,4,156,653,33,179,37,8,18,73,66,107,6,1,0.274,0
Player 0242,15,1545,6155,152,1588,201,70,262,1124,494,953,266,76,0.258,0
Player 0243,3,189,758,17,181,28,4,8,70,56,164,17,5,0.239,0
Player 0244,17,901,2733,86,597,101,28,108,415,173,421,102,24,0.218,0
Player 0245,16,1472,4685,308,1368,193,63,179,751,293,685,45,4,0.292,0
Player 0246,3,234,691,60,167,28,9,16,87,78,66,26,4,0.242,0
Player 0247,19,2033,7177,342,2655,341,92,384,1460,502,990,212,66,0.37,1
Player 0248,11,726,2973,129,689,92,19,147,296,180,426,122,21,0.232,0
Player 0249,20,2640,8146,553,1840,368,123,169,980,1139,887,211,22,0.226,0
Player 0250,2,70,241,13,69,10,3,1,47,17,41,10,1,0.286,0
Player 0251,5,685,2057,158,665,136,10,41,445,268,211,42,12,0.323,0
Player 0252,13,364,1015,66,276,34,16,15,114,106,117,39,8,0.272,0
Player 0253,5,600,1699,142,492,92,12,54,304,194,288,100,12,0.29,0
Player 0254,9,630,1637,188,336,56,19,83,232,164,201,73,12,0.205,0
Player 0255,17,1258,5175,197,1274,274,68,251,863,342,943,164,55,0.246,0
Player 0256,4,108,343,8,79,16,5,6,41,43,65,17,3,0.23,0
Player 0257,17,1972,7726,212,1573,259,107,204,580,962,990,329,65,0.204,0
Player 0258,3,138,504,27,138,26,4,3,99,41,47,6,0,0.274,0
Player 0259,5,550,1554,85,297,43,16,50,150,184,246,23,3,0.191,0
Player 0260,15,1785,4994,511,1117,211,36,40,552,493,473,184,55,0.224,0
Player 0261,20,2680,10399,584,2612,338,129,540,1707,1370,1689,480,140,0.251,1
Player 0262,5,585,1725,113,415,71,19,83,189,210,338,54,10,0.241,0
Player 0263,8,512,2074,130,588,83,10,32,402,111,371,33,10,0.284,0
Player 0264,24,2904,7951,397,2231,504,34,317,848,1026,1206,294,53,0.281,1
Player 0265,25,3300,12051,859,3630,629,65,402,2346,1653,2787,69,21,0.301,1
Player 0266,15,990,3845,79,1139,217,25,173,838,449,370,39,3,0.296,0
Player 0267,12,492,1426,106,441,71,12,41,330,86,314,17,2,0.309,0
Player 0268,9,1260,3741,359,1009,156,65,54,725,458,778,18,5,0.27,0
Player 0269,16,704,2914,178,817,117,35,107,570,315,428,93,30,0.28,0
Player 0270,15,1530,4513,409,1299,298,76,40,599,363,471,99,28,0.288,0
Player 0271,8,440,1421,73,390,84,23,48,287,184,149,17,4,0.274,0
Player 0272,1,41,132,10,33,4,1,2,23,13,30,3,0,0.25,0
Player 0273,4,500,1465,100,378,79,13,57,213,185,171,32,8,0.258,0
Player 0274,24,1032,3941,222,951,161,59,182,485,434,866,79,11,0.241,0
Player 0275,11,1232,4696,114,1337,162,74,49,526,356,753,78,16,0.285,0
Player 0276,13,1495,4698,185,1253,229,70,117,734,647,722,15,3,0.267,0
Player 0277,12,384,1505,77,371,50,23,62,233,152,269,48,11,0.247,0
Player 0278,20,940,2690,87,663,96,31,35,339,259,307,27,8,0.246,0
Player 0279,2,256,641,62,145,29,6,21,74,55,95,12,2,0.226,0
Player 0280,3,270,937,71,285,42,18,36,165,58,215,11,1,0.304,0
Player 0281,7,280,1173,79,319,72,12,26,115,131,138,18,2,0.272,0
Player 0282,13,1989,5103,203,1223,243,72,237,896,453,1160,74,22,0.24,0
Player 0283,17,1003,2862,287,853,187,15,87,397,383,684,69,5,0.298,0
Player 0284,13,325,1099,30,275,53,4,39,111,150,97,16,5,0.25,0
Player 0285,12,1740,6745,320,1489,333,65,81,524,803,1113,35,3,0.221,0
Player 0286,24,648,1718,171,525,85,10,10,363,123,184,102,18,0.306,0
Player 0287,5,480,1522,45,382,71,26,11,265,174,273,29,8,0.251,0
Player 0288,15,2310,8708,194,2226,404,34,437,863,451,2075,60,11,0.256,1
Player 0289,14,1400,4384,119,1189,271,64,215,488,545,979,138,41,0.271,0
Player 0290,12,1212,3419,233,1059,148,30,155,560,322,779,37,3,0.31,0
Player 0291,21,1575,4460,407,1207,228,82,66,512,599,509,222,48,0.271,0
Player 0292,7,287,917,31,209,44,7,28,134,77,152,5,1,0.228,0
Player 0293,24,2376,7876,255,2276,374,37,352,849,580,926,211,67,0.289,1
Player 0294,9,1269,5031,260,1272,285,20,194,724,702,1126,216,22,0.253,0
Player 0295,14,504,1810,66,608,100,27,19,305,176,200,18,3,0.336,0
Player 0296,14,1946,7148,468,1929,271,133,355,1033,912,747,86,22,0.27,0
Player 0297,22,1716,7157,495,1372,260,94,93,713,944,586,192,66,0.192,0
Player 0298,11,1034,3308,256,934,159,31,44,384,319,360,182,56,0.282,0
Player 0299,8,368,1172,100,396,48,16,58,173,106,129,27,8,0.338,0
Player 0300,1,105,427,20,138,17,2,12,51,42,39,12,2,0.323,0
Player 0301,10,480,1400,126,467,66,20,33,184,176,306,17,3,0.334,0
Player 0302,21,1260,4713,151,1104,234,52,154,818,644,965,149,46,0.234,0
Player 0303,1,118,446,11,134,30,3,24,61,35,53,6,1,0.3,0
Player 0304,23,713,1901,159,465,86,22,20,219,221,390,81,24,0.245,0
Player 0305,14,1162,3829,106,1063,141,68,164,426,289,564,29,8,0.278,0
Player 0306,4,408,1159,112,261,48,3,25,170,121,236,40,12,0.225,0
Player 0307,8,336,945,77,233,51,6,10,167,115,124,16,1,0.247,0
Player 0308,14,882,2900,255,714,149,18,75,475,376,493,111,17,0.246,0
Player 0309,8,552,1651,82,497,77,10,53,295,149,232,75,25,0.301,0
Player 0310,3,333,1283,62,382,51,9,19,257,106,141,51,11,0.298,0
Player 0311,17,2567,10378,624,2902,661,143,262,1484,755,1802,458,58,0.28,0
Player 0312,17,2261,8737,301,1946,432,40,321,1350,541,1748,199,42,0.223,0
Player 0313,3,147,433,29,112,14,6,14,74,35,86,18,4,0.259,0
Player 0314,8,216,640,48,156,34,9,26,54,82,87,2,0,0.244,0
Player 0315,7,217,636,64,191,25,12,29,104,55,103,35,10,0.3,0
Player 0316,17,1734,4733,422,1473,187,75,120,671,371,957,198,18,0.311,0
Player 0317,19,855,3509,90,1077,227,27,91,414,408,311,69,13,0.307,0
Player 0318,19,1045,3326,192,810,149,15,99,557,230,304,87,7,0.244,0
Player 0319,24,3240,9337,678,1680,285,46,311,593,682,1309,449,143,0.18,1
Player 0320,20,2760,10872,309,2263,517,153,113,1452,1459,1258,418,53,0.208,0
Player 0321,9,1206,3833,211,1225,270,83,79,912,219,536,177,44,0.32,0
Player 0322,3,171,437,24,111,14,3,5,60,38,41,16,3,0.254,0
Player 0323,16,1680,4662,178,1136,220,37,113,566,475,814,122,30,0.244,0
Player 0324,23,2392,8579,460,2809,597,120,460,1663,606,1608,408,94,0.327,1
Player 0325,25,1225,4692,142,1474,274,45,160,990,353,969,144,39,0.314,0
Player 0326,6,576,1646,120,445,105,30,43,198,115,303,58,14,0.27,0
Player 0327,6,558,2265,65,588,118,15,75,264,183,324,62,6,0.26,0
Player 0328,1,76,299,18,79,10,2,11,46,39,68,8,1,0.264,0
Player 0329,4,488,1923,60,534,76,20,51,387,170,377,64,14,0.278,0
Player 0330,14,1582,4567,438,1488,326,32,125,698,400,750,164,27,0.326,0
Player 0331,14,1316,3403,112,969,232,34,136,485,288,384,208,59,0.285,0
Player 0332,10,1190,4729,231,1396,183,86,38,1043,646,869,185,30,0.295,0
Player 0333,8,992,2995,149,931,122,21,95,391,181,523,84,25,0.311,0
Player 0334,21,2058,7310,266,1674,354,78,236,637,939,1384,79,9,0.229,0
Player 0335,12,708,2684,130,795,101,29,114,465,213,550,76,21,0.296,0
Player 0336,21,2583,7020,685,1823,233,44,380,655,955,1589,298,38,0.26,1
Player 0337,25,2950,11290,830,2054,465,32,505,867,884,2617,291,64,0.182,1
Player 0338,8,1216,4980,178,973,210,29,150,582,286,900,196,32,0.195,0
Player 0339,6,264,986,30,231,52,4,13,141,95,231,6,1,0.234,0
Player 0340,24,1896,6162,452,1778,352,63,212,985,434,1391,111,15,0.289,0
Player 0341,16,2320,9257,482,2536,402,151,432,1276,1090,744,364,107,0.274,1
Player 0342,8,728,2472,90,683,156,37,127,396,269,449,123,28,0.276,0
Player 0343,16,2352,8857,581,2996,466,201,409,1819,990,961,193,65,0.338,1
Player 0344,13,338,1316,65,296,45,11,19,198,88,167,14,3,0.225,0
Player 0345,23,667,2517,149,677,153,36,102,451,286,321,54,13,0.269,0
Player 0346,7,896,2678,142,751,151,38,131,462,208,421,78,23,0.28,0
Player 0347,25,1775,4793,313,1170,266,31,187,828,670,391,174,24,0.244,0
Player 0348,24,2208,6414,264,1738,241,55,251,1190,743,755,125,31,0.271,0
Player 0349,5,400,1341,98,286,67,12,40,115,138,113,25,4,0.213,0
Player 0350,5,390,1309,44,418,80,24,48,306,167,240,47,13,0.319,0
Player 0351,14,2058,7183,517,1768,353,71,141,1249,740,1596,238,20,0.246,0
Player 0352,2,74,234,18,79,18,2,2,37,23,56,9,1,0.338,0
Player 0353,8,1000,3837,244,1031,170,71,177,369,273,582,74,18,0.269,0
Player 0354,11,1540,6240,129,1909,393,40,325,1129,692,758,103,21,0.306,0
Player 0355,25,2750,8028,385,2152,423,145,384,1130,672,1738,191,27,0.268,1
Player 0356,25,1900,7128,347,1916,411,113,154,1245,384,699,326,66,0.269,0
Player 0357,4,180,657,37,163,37,9,6,91,81,154,13,4,0.248,0
Player 0358,23,2599,8808,733,2414,486,141,167,918,481,1712,293,39,0.274,0
Player 0359,3,255,719,41,202,25,5,33,90,79,115,25,4,0.281,0
Player 0360,19,836,3220,227,781,110,38,121,549,206,307,132,45,0.243,0
Player 0361,22,1562,6455,181,1714,401,97,344,625,574,535,113,36,0.266,0
Player 0362,23,3450,12858,557,3197,755,179,284,2061,1637,2148,289,25,0.249,1
Player 0363,6,354,1437,32,503,118,15,46,234,84,210,54,12,0.35,0
Player 0364,23,1104,4607,268,1229,152,30,205,652,506,989,41,4,0.267,0
Player 0365,3,339,1050,38,340,56,11,17,191,110,191,37,12,0.324,0
Player 0366,13,650,2330,88,613,129,25,123,275,298,347,50,9,0.263,0
Player 0367,12,1728,5712,432,1594,335,74,197,973,374,663,306,59,0.279,0
Player 0368,8,1088,4544,215,1016,132,62,24,637,554,712,144,22,0.224,0
Player 0369,1,152,404,12,102,19,5,2,39,36,42,1,0,0.252,0
Player 0370,20,2860,9154,230,2539,348,132,449,1268,810,1709,436,51,0.277,1
Player 0371,9,504,2010,96,654,117,19,74,423,165,355,65,19,0.325,0
Player 0372,17,884,2636,130,732,108,30,113,467,223,552,93,19,0.278,0
Player 0373,11,759,2913,90,927,117,31,128,526,281,442,38,8,0.318,0
Player 0374,10,860,2709,184,792,102,22,70,523,161,337,30,9,0.292,0
Player 0375,23,3197,13318,416,4354,998,67,598,1711,1175,2847,373,48,0.327,1
Player 0376,3,360,1440,75,385,80,12,74,152,156,274,30,3,0.267,0
Player 0377,19,2052,6181,335,2185,506,63,84,1339,586,1193,321,62,0.354,0
Player 0378,19,2641,10060,319,2545,448,118,434,1596,653,1654,144,42,0.253,1
Player 0379,10,1080,3318,119,806,136,14,67,544,274,730,127,12,0.243,0
Player 0380,7,518,1828,68,416,67,12,38,175,164,212,27,7,0.228,0
Player 0381,1,78,282,6,99,19,1,7,55,31,40,9,1,0.351,0
Player 0382,24,2208,8633,326,2578,418,129,415,1583,1131,1790,40,9,0.299,1
Player 0383,24,864,2195,240,566,118,26,13,248,218,222,66,15,0.258,0
Player 0384,7,847,2434,222,763,164,25,64,424,269,509,33,3,0.313,0
Player 0385,1,109,404,17,118,26,2,15,71,23,55,12,1,0.292,0
Player 0386,4,480,1659,99,562,83,38,17,244,225,166,30,8,0.339,0
Player 0387,2,188,628,38,135,24,6,28,67,49,58,26,4,0.215,0
Player 0388,21,2646,6863,694,1789,262,93,357,780,561,1474,78,18,0.261,1
Player 0389,23,3404,10525,449,2671,332,118,100,1899,737,2153,355,118,0.254,0
Player 0390,4,396,1572,57,315,64,18,19,140,90,198,43,3,0.2,0
Player 0391,19,1558,3976,228,1221,226,78,213,486,481,392,21,4,0.307,0
Player 0392,5,190,603,16,157,32,5,8,57,43,72,3,0,0.26,0
Player 0393,10,1260,5174,188,1530,199,81,46,563,390,590,78,8,0.296,0
Player 0394,15,2130,5509,581,1942,465,53,289,828,365,1086,241,81,0.353,0
Player 0395,18,2070,7813,580,2012,481,102,387,1193,1076,894,359,121,0.258,0
Player 0396,22,3014,8854,313,2260,397,83,334,806,1065,1014,76,12,0.255,1
Player 0397,2,272,1080,49,296,66,4,35,137,144,91,35,11,0.274,0
Player 0398,5,640,2411,104,734,109,49,122,273,307,423,81,7,0.304,0
Player 0399,8,720,2884,135,721,150,45,108,368,379,548,89,30,0.25,0
Player 0400,8,296,848,59,210,47,6,32,77,78,156,28,8,0.248,0
Player 0401,25,625,2126,52,652,141,45,100,386,138,363,108,14,0.307,0
Player 0402,20,1020,3901,270,1104,240,35,146,690,309,915,97,23,0.283,0
Player 0403,9,729,2126,214,421,73,16,64,270,162,330,111,32,0.198,0
Player 0404,25,3025,8749,676,1986,433,122,214,873,1002,1903,165,27,0.227,0
Player 0405,13,1092,2780,246,896,181,28,83,624,145,509,160,28,0.322,0
Player 0406,13,364,1503,71,426,57,16,46,266,94,140,65,16,0.283,0
Player 0407,11,572,2120,87,515,68,26,48,191,236,444,94,11,0.243,0
Player 0408,4,608,2176,68,574,122,12,59,302,132,377,37,4,0.264,0
Player 0409,24,3672,13824,765,3738,729,142,623,2456,751,2551,564,83,0.27,1
Player 0410,1,74,251,6,74,13,2,6,35,15,27,1,0,0.295,0
Player 0411,5,645,2134,168,474,108,24,13,238,239,320,80,14,0.222,0
Player 0412,6,708,2311,122,555,110,12,44,334,144,510,48,10,0.24,0
Player 0413,7,1022,3667,175,1025,171,28,60,381,231,419,124,16,0.28,0
Player 0414,4,560,1591,85,424,71,22,71,312,112,127,44,5,0.266,0
Player 0415,1,106,425,31,123,23,2,11,51,49,51,1,0,0.289,0
Player 0416,17,1292,5012,153,1137,240,43,95,410,340,791,63,6,0.227,0
Player 0417,25,2650,8199,300,2316,434,125,373,815,436,1733,45,11,0.282,1
Player 0418,4,264,919,30,283,51,16,5,144,120,168,21,3,0.308,0
Player 0419,8,560,1534,125,440,91,8,21,309,197,348,85,22,0.287,0
Player 0420,13,1352,5614,403,1543,315,95,260,1046,374,858,183,33,0.275,0
Player 0421,24,2376,9586,313,2556,561,140,311,1827,708,1366,342,105,0.267,1
Player 0422,18,1800,7321,502,1762,224,59,319,992,490,856,265,25,0.241,0
Player 0423,20,1500,4597,211,1229,258,70,215,650,527,528,109,35,0.267,0
Player 0424,15,1170,3261,260,1024,186,56,169,516,236,644,112,17,0.314,0
Player 0425,11,286,817,25,217,27,10,6,79,109,75,27,2,0.266,0
Player 0426,5,515,1366,97,326,65,14,61,232,170,162,15,3,0.239,0
Player 0427,22,2178,5889,487,1488,306,82,238,816,606,1305,243,34,0.253,0
Player 0428,21,3066,8036,607,2226,406,155,123,1184,408,1384,406,82,0.277,0
Player 0429,1,90,376,11,96,20,4,19,53,48,32,10,2,0.255,0
Player 0430,18,1530,4017,401,1152,179,68,101,769,463,773,209,61,0.287,0
Player 0431,3,99,269,29,77,11,4,13,33,32,43,2,0,0.286,0
Player 0432,19,950,3711,171,1117,181,69,130,708,209,804,132,45,0.301,0
Player 0433,21,1428,4978,314,1592,269,107,155,1009,566,941,64,13,0.32,0
Player 0434,4,296,1129,75,344,70,8,14,237,138,91,47,4,0.305,0
Player 0435,11,792,2829,105,671,148,16,143,237,385,319,40,12,0.237,0
Player 0436,4,304,1215,82,289,59,13,39,120,124,147,28,3,0.238,0
Player 0437,15,1860,6668,263,1782,251,70,35,959,638,1282,172,21,0.267,0
Player 0438,24,1008,3414,252,867,142,40,20,598,301,551,56,5,0.254,0
Player 0439,3,204,757,21,174,24,10,33,128,85,151,14,2,0.23,0
Player 0440,10,460,1499,65,381,77,25,19,224,199,242,19,3,0.254,0
Player 0441,25,1625,5018,320,1271,190,48,175,552,521,664,173,27,0.253,0
Player 0442,8,904,2978,176,734,134,39,116,311,209,287,149,35,0.246,0
Player 0443,4,124,345,33,89,19,2,6,53,17,38,7,1,0.258,0
Player 0444,13,897,3457,268,1075,215,47,115,466,365,498,86,28,0.311,0
Player 0445,13,364,1071,37,296,46,4,18,169,136,180,56,5,0.276,0
Player 0446,17,2533,6993,353,2493,398,106,365,1705,391,1609,220,26,0.356,1
Player 0447,8,952,2778,151,766,151,34,133,387,238,328,144,34,0.276,0
Player 0448,24,1344,5283,249,1372,255,76,102,687,711,985,115,12,0.26,0
Player 0449,14,700,2142,132,578,76,29,67,210,203,223,59,10,0.27,0
Player 0450,8,296,1085,79,302,67,10,32,136,75,210,10,2,0.278,0
Player 0451,25,2150,8505,536,2425,440,37,450,1525,695,695,67,19,0.285,1
Player 0452,24,2928,7706,246,2640,466,56,190,1304,668,1425,333,46,0.343,0
Player 0453,13,1300,4940,234,1187,170,81,163,490,299,524,195,50,0.24,0
Player 0454,1,139,420,30,126,20,8,21,49,45,45,4,1,0.3,0
Player 0455,15,1035,2968,187,822,131,27,39,318,306,502,170,53,0.277,0
Player 0456,14,854,3135,92,674,102,19,101,413,339,439,60,9,0.215,0
Player 0457,4,348,1408,58,418,78,16,14,248,147,218,28,7,0.297,0
Player 0458,16,816,2449,139,769,134,40,87,428,126,316,132,37,0.314,0
Player 0459,22,3322,11517,402,2764,626,95,268,1520,756,2678,539,77,0.24,1
Player 0460,3,147,439,36,118,27,2,23,48,28,55,14,3,0.269,0
Player 0461,19,1653,5690,249,1192,174,44,146,655,334,948,94,24,0.209,0
Player 0462,4,368,1309,77,295,38,8,15,110,152,283,14,2,0.225,0
Player 0463,19,608,2150,117,659,141,21,100,474,130,400,34,6,0.307,0
Player 0464,11,935,3328,255,844,202,20,153,314,366,438,133,26,0.254,0
Player 0465,1,84,229,8,52,11,2,9,27,15,38,5,1,0.227,0
Player 0466,25,1450,5334,152,1483,182,65,226,519,323,497,185,14,0.278,0
Player 0467,5,205,747,29,188,28,5,13,124,48,124,8,1,0.252,0
Player 0468,15,450,1647,78,417,52,18,61,173,157,245,41,5,0.253,0
Player 0469,5,130,341,18,100,21,4,2,71,36,68,9,2,0.293,0
Player 0470,24,2088,6806,517,1560,296,91,101,573,837,1467,199,52,0.229,0
Player 0471,19,684,2185,91,520,94,35,112,352,134,244,73,15,0.238,0
Player 0472,21,3129,8283,308,2281,425,50,347,1397,873,770,558,126,0.275,1
Player 0473,11,616,1772,105,538,80,34,29,242,212,252,100,16,0.304,0
Player 0474,12,1308,4250,327,1331,255,71,44,573,331,703,167,27,0.313,0
Player 0475,16,1792,6743,478,1663,205,88,353,819,385,945,64,17,0.247,0
Player 0476,20,1780,5167,429,1564,308,55,54,1065,330,933,295,34,0.303,0
Player 0477,22,3058,11958,619,2900,603,98,213,2014,696,1924,494,142,0.243,0
Player 0478,1,39,133,9,44,8,0,1,18,17,30,6,1,0.331,0
Player 0479,17,935,3546,214,816,130,56,19,400,297,515,85,27,0.23,0
Player 0480,3,171,564,22,178,39,8,11,79,54,52,6,0,0.316,0
Player 0481,8,336,1125,67,277,57,10,60,110,134,144,46,9,0.246,0
Player 0482,21,1323,4701,330,1600,216,71,103,973,392,831,100,9,0.34,0
Player 0483,7,455,1855,68,539,77,9,56,263,201,224,31,10,0.291,0
Player 0484,20,2480,8273,555,1939,380,47,349,853,470,1017,189,49,0.234,0
Player 0485,12,768,2610,142,656,101,32,84,456,243,350,80,19,0.251,0
Player 0486,6,828,2917,157,867,116,37,123,562,171,581,55,15,0.297,0
Player 0487,9,1125,4222,112,1295,179,75,160,854,305,972,143,22,0.307,0
Player 0488,14,1988,5212,450,1394,194,71,184,509,398,709,238,57,0.267,0
Player 0489,20,760,2566,205,696,123,33,96,498,294,285,73,21,0.271,0
Player 0490,16,2432,8071,270,2393,461,143,362,1387,893,1188,46,4,0.296,0
Player 0491,24,2496,10150,400,2787,393,52,411,1537,1189,1383,422,143,0.275,1
Player 0492,22,3344,11165,303,2509,515,132,497,888,620,2661,267,85,0.225,1
Player 0493,19,1349,4446,116,1073,164,58,54,760,620,685,116,39,0.241,0
Player 0494,16,2368,9793,705,2724,428,82,380,1546,537,1847,207,61,0.278,1
Player 0495,8,808,2638,152,824,120,21,110,560,327,596,58,9,0.312,0
Player 0496,11,374,1050,59,342,73,9,20,209,122,189,46,10,0.326,0
Player 0497,3,234,671,32,199,46,5,32,133,69,80,2,0,0.297,0
Player 0498,10,420,1117,124,312,55,13,22,195,99,197,66,18,0.279,0
Player 0499,24,3528,8823,478,2613,326,58,151,1877,1042,1273,96,11,0.296,0
Player 0500,11,704,2276,168,561,84,28,110,246,265,335,126,39,0.246,0
Player 0501,3,159,605,22,160,22,3,10,68,37,143,18,2,0.264,0
Player 0502,17,1632,6114,155,1474,325,24,157,936,741,761,34,4,0.241,0
Player 0503,25,2000,5109,460,1156,150,37,119,636,291,792,211,20,0.226,0
Player 0504,22,814,2823,65,795,187,20,140,468,268,298,53,14,0.282,0
Player 0505,7,917,2533,209,700,133,48,70,443,273,275,157,20,0.276,0
Player 0506,12,1608,6592,217,1938,352,61,261,1102,817,1163,222,29,0.294,0
Player 0507,14,1694,4716,413,1363,302,37,210,906,432,943,162,20,0.289,0
Player 0508,7,735,2620,183,729,89,18,95,348,186,476,61,9,0.278,0
Player 0509,7,539,1646,128,476,101,16,85,330,154,218,96,32,0.289,0
Player 0510,6,570,2046,48,549,73,26,92,215,148,183,70,14,0.268,0
Player 0511,25,2300,7361,540,2093,462,121,184,1263,718,1142,223,33,0.284,0
Player 0512,19,874,3313,260,810,148,28,174,571,303,532,67,8,0.244,0
Player 0513,22,770,2226,102,629,80,31,69,283,267,452,50,4,0.283,0
Player 0514,21,1197,4835,167,1418,311,58,29,681,346,882,155,27,0.293,0
Player 0515,24,2016,6754,522,1665,205,102,121,786,459,1481,221,24,0.247,0
Player 0516,3,135,511,15,138,18,6,18,79,47,104,20,1,0.27,0
Player 0517,23,874,3447,196,855,184,26,44,440,188,477,90,9,0.248,0
Player 0518,2,270,1133,66,285,50,15,38,112,80,205,29,4,0.252,0
Player 0519,12,876,2523,77,581,131,34,58,410,206,503,79,22,0.23,0
Player 0520,15,1500,4481,302,1408,276,57,142,608,420,1044,209,20,0.314,0
Player 0521,9,837,2448,173,752,146,52,12,423,181,361,67,17,0.307,0
Player 0522,4,480,1414,70,408,63,25,67,239,142,259,74,18,0.289,0
Player 0523,5,605,2111,165,715,97,18,48,261,272,301,39,12,0.339,0
Player 0524,21,1323,5542,153,1459,343,85,66,566,548,1097,169,21,0.263,0
Player 0525,8,1080,4518,172,1671,221,80,121,1234,342,1020,174,51,0.37,0
Player 0526,8,584,1982,155,519,95,23,58,319,110,450,82,25,0.262,0
Player 0527,24,3192,11447,389,3192,487,138,422,1160,713,1203,217,74,0.279,1
Player 0528,4,308,1220,80,312,47,19,38,208,122,137,40,11,0.256,0
Player 0529,23,897,3665,87,1037,198,50,26,573,408,735,40,4,0.283,0
Player 0530,24,2952,8403,553,2514,542,112,408,955,457,1520,58,19,0.299,1
Player 0531,15,420,1427,40,379,80,6,39,235,95,320,60,18,0.266,0
Player 0532,5,625,2447,143,812,182,32,21,446,192,318,92,12,0.332,0
Player 0533,4,120,361,30,100,15,6,15,43,28,77,1,0,0.277,0
Player 0534,8,408,1325,108,370,65,20,50,259,180,250,69,22,0.279,0
Player 0535,15,1545,6451,457,1536,186,27,241,716,440,717,132,16,0.238,0
Player 0536,4,588,2454,133,698,146,44,64,323,136,245,96,27,0.284,0
Player 0537,12,936,3781,233,1003,156,60,96,460,309,727,134,25,0.265,0
Player 0538,3,120,462,22,114,21,5,14,74,28,48,19,5,0.247,0
Player 0539,14,770,2277,216,552,77,8,17,349,139,471,116,12,0.242,0
Player 0540,1,141,429,31,155,33,7,8,110,37,72,24,6,0.361,0
Player 0541,18,2142,7347,587,1915,417,34,399,845,569,1148,250,54,0.261,0
Player 0542,2,76,262,10,57,12,1,9,37,15,32,3,0,0.218,0
Player 0543,5,375,1259,70,309,38,15,32,178,131,298,28,3,0.245,0
Player 0544,5,295,1056,70,283,67,18,17,133,100,206,40,4,0.268,0
Player 0545,21,1008,3219,125,930,139,32,136,338,183,658,36,4,0.289,0
Player 0546,2,270,1018,34,294,46,18,18,199,129,206,45,4,0.289,0
Player 0547,11,1155,3542,340,1040,155,68,46,464,267,614,51,17,0.294,0
Player 0548,15,720,2204,126,545,82,8,28,328,300,507,114,12,0.247,0
Player 0549,13,1417,3848,170,1084,201,30,159,617,515,667,130,17,0.282,0
Player 0550,18,1404,3960,214,947,140,51,147,333,352,646,214,63,0.239,0
Player 0551,21,672,2651,112,658,110,37,22,492,187,328,116,17,0.248,0
Player 0552,10,830,2704,180,643,127,23,29,434,338,338,67,9,0.238,0
Player 0553,21,1029,2971,291,678,149,34,109,369,245,587,132,34,0.228,0
Player 0554,8,448,1698,133,521,105,25,56,324,109,226,21,3,0.307,0
Player 0555,25,3475,11960,776,3517,672,195,470,1901,1191,2351,507,154,0.294,1
Player 0556,13,1521,3857,355,1173,161,63,53,759,362,896,227,57,0.304,0
Player 0557,19,798,2424,120,657,143,12,100,265,306,364,48,7,0.271,0
Player 0558,22,2970,8318,797,2472,307,58,430,1306,961,794,41,9,0.297,1
Player 0559,20,1980,7157,253,1491,226,33,250,721,922,1335,164,51,0.208,0
Player 0560,22,3036,9009,313,2704,342,179,133,1443,1046,734,118,21,0.3,0
Player 0561,14,1708,4458,502,1231,246,80,173,652,480,917,254,70,0.276,0
Player 0562,2,138,357,37,104,17,6,7,42,33,58,7,1,0.291,0
Player 0563,13,1222,4263,179,1207,239,25,31,893,592,675,208,47,0.283,0
Player 0564,5,470,1192,107,280,45,13,23,99,162,203,82,22,0.235,0
Player 0565,23,2714,10701,495,2328,406,58,538,824,1352,1740,446,42,0.218,1
Player 0566,6,342,945,51,231,40,8,24,115,113,124,38,7,0.244,0
Player 0567,6,408,1440,58,417,52,12,69,249,146,180,22,2,0.29,0
Player 0568,7,392,1276,43,375,64,22,38,158,93,186,57,15,0.294,0
Player 0569,17,1071,3483,215,773,152,17,107,435,448,777,138,33,0.222,0
Player 0570,15,675,1769,120,416,77,21,9,265,90,179,118,19,0.235,0
Player 0571,24,696,2689,134,657,84,45,99,254,189,354,51,5,0.244,0
Player 0572,11,1617,6497,205,1672,334,88,67,1243,560,719,32,10,0.257,0
Player 0573,8,272,685,77,152,23,2,19,73,70,101,48,7,0.222,0
Player 0574,2,280,785,61,172,20,11,14,104,78,79,42,6,0.219,0
Player 0575,1,25,100,6,24,3,1,2,9,6,20,1,0,0.24,0
Player 0576,10,1260,4327,131,1181,212,47,137,748,257,417,168,39,0.273,0
Player 0577,24,1608,4430,348,1013,159,51,25,695,310,825,16,2,0.229,0
Player 0578,14,1288,3664,343,974,198,61,70,381,298,450,135,41,0.266,0
Player 0579,23,1403,5081,214,1560,232,64,276,624,260,790,100,26,0.307,0
Player 0580,3,264,985,32,221,47,9,7,102,110,110,19,1,0.224,0
Player 0581,3,249,876,34,230,35,9,18,81,63,172,12,2,0.263,0
Player 0582,21,1953,8047,273,2461,478,46,169,1832,656,1864,110,15,0.306,0
Player 0583,3,228,761,40,194,41,11,18,114,60,87,19,1,0.255,0
Player 0584,2,188,565,28,141,23,3,22,83,54,131,9,2,0.25,0
Player 0585,11,1452,4808,202,1493,187,54,83,1095,612,634,129,17,0.311,0
Player 0586,24,1944,6048,432,1568,288,56,169,1070,383,1023,210,67,0.259,0
Player 0587,18,1278,3682,117,1136,272,34,137,767,297,707,167,39,0.309,0
Player 0588,3,126,324,19,92,21,3,6,44,36,36,15,2,0.284,0
Player 0589,21,1491,4620,345,1191,174,58,242,576,249,698,76,26,0.258,0
Player 0590,22,902,3345,107,959,202,30,180,447,417,303,15,3,0.287,0
Player 0591,21,1008,2551,129,717,115,17,28,350,348,488,152,18,0.281,0
Player 0592,23,3404,11051,422,3378,470,212,245,1681,1156,1620,538,118,0.306,1
Player 0593,6,216,776,17,194,38,13,11,78,105,172,38,12,0.25,0
Player 0594,25,2175,7694,400,2088,376,83,110,1028,670,952,376,73,0.271,0
Player 0595,9,1197,4572,106,1224,226,40,135,647,399,1041,140,27,0.268,0
Player 0596,21,3108,12052,435,3551,778,62,400,1682,717,1236,503,102,0.295,1
Player 0597,15,660,2448,197,573,91,9,64,238,130,433,56,8,0.234,0
Player 0598,20,920,2460,259,751,150,27,45,375,177,317,132,16,0.305,0
Player 0599,16,1168,3863,148,1106,181,73,73,599,359,421,201,47,0.286,0
Player 0600,17,1649,5814,244,1301,162,71,317,830,556,552,239,76,0.224,0
Player 0601,16,2384,6955,433,2171,359,74,355,1377,483,1285,192,53,0.312,0
Player 0602,20,1040,2675,276,931,217,63,23,401,281,313,77,8,0.348,0
Player 0603,19,874,2517,224,767,136,29,95,279,166,432,52,9,0.305,0
Player 0604,4,228,746,24,238,31,7,20,112,59,176,16,1,0.319,0
Player 0605,21,2898,9284,311,2534,513,97,366,1046,627,1212,433,70,0.273,1
Player 0606,14,392,1097,67,232,54,6,38,117,123,93,50,13,0.211,0
Player 0607,9,666,2598,180,533,122,33,128,395,250,267,34,5,0.205,0
Player 0608,13,520,2118,142,590,111,20,17,249,246,209,68,20,0.279,0
Player 0609,25,1125,3197,116,796,131,40,71,380,176,492,83,17,0.249,0
Player 0610,22,3168,12926,653,3076,583,111,701,1968,1141,2574,332,86,0.238,1
Player 0611,21,525,1328,59,355,77,22,18,196,181,169,38,12,0.267,0
Player 0612,12,792,3225,182,940,209,47,36,345,176,333,78,20,0.291,0
Player 0613,20,2880,11860,811,2599,567,108,491,1077,1039,2164,386,124,0.219,1
Player 0614,10,1040,2621,187,666,116,14,114,482,140,335,139,41,0.254,0
Player 0615,18,612,2323,60,749,100,48,89,293,146,399,84,19,0.322,0
Player 0616,16,1360,5643,282,1311,246,59,247,791,517,1294,104,16,0.232,0
Player 0617,7,1057,4270,179,1282,177,39,169,855,274,540,134,21,0.3,0
Player 0618,7,539,2236,139,565,71,35,26,257,216,362,27,8,0.253,0
Player 0619,2,186,639,28,184,33,3,22,117,85,133,16,1,0.288,0
Player 0620,4,376,989,102,305,60,9,43,127,67,188,41,13,0.308,0
Player 0621,11,1210,4773,169,1412,314,62,230,655,284,955,153,25,0.296,0
Player 0622,12,588,2083,67,628,134,21,36,298,258,424,97,27,0.301,0
Player 0623,5,670,2375,98,545,121,22,27,407,217,395,41,6,0.229,0
Player 0624,11,1683,5401,147,1668,352,49,237,726,699,895,258,87,0.309,0
Player 0625,16,688,2388,97,573,117,12,42,230,185,465,43,3,0.24,0
Player 0626,6,786,2170,177,605,73,10,14,435,231,415,81,14,0.279,0
Player 0627,9,1179,4430,131,1236,241,29,204,512,589,829,177,55,0.279,0
Player 0628,10,1210,3179,126,912,122,61,96,639,208,448,160,24,0.287,0
Player 0629,13,949,3549,103,1000,127,46,75,610,433,754,148,22,0.282,0
Player 0630,10,850,3351,82,805,111,33,18,467,358,394,126,40,0.24,0
Player 0631,19,2546,8409,693,1873,409,67,56,1218,1035,882,145,44,0.223,0
Player 0632,9,396,1333,113,400,83,21,59,256,87,180,70,7,0.3,0
Player 0633,11,1452,4400,131,1216,284,27,129,479,391,530,245,57,0.276,0
Player 0634,10,1440,5973,355,1852,439,55,74,1388,367,1111,119,16,0.31,0
Player 0635,5,565,2116,136,568,129,29,48,412,288,247,10,1,0.268,0
Player 0636,18,1242,3884,371,857,116,35,51,607,216,718,76,18,0.221,0
Player 0637,6,582,1627,91,494,111,28,17,295,90,263,88,9,0.304,0
Player 0638,8,248,712,35,183,40,11,13,102,93,74,42,8,0.257,0
Player 0639,20,2920,9602,524,2707,607,163,311,1528,740,1165,442,65,0.282,1
Player 0640,24,1656,6793,444,1680,232,42,105,598,704,1110,128,39,0.247,0
Player 0641,17,544,2038,130,667,89,13,45,366,154,402,10,2,0.327,0
Player 0642,23,2944,8437,540,2019,466,49,243,1210,914,1212,288,39,0.239,0
Player 0643,22,2420,9586,323,2475,348,143,249,1518,645,1123,179,59,0.258,0
Player 0644,13,1365,4290,327,1174,192,76,49,566,391,545,42,12,0.274,0
Player 0645,20,640,2526,171,585,102,38,17,315,247,240,17,2,0.232,0
Player 0646,9,1098,3196,184,899,121,28,21,543,255,268,39,13,0.281,0
Player 0647,12,1284,4560,291,1488,182,91,102,775,331,1074,57,8,0.326,0
Player 0648,14,1792,7303,301,1846,441,82,298,1356,457,696,247,39,0.253,0
Player 0649,25,3300,9696,611,2752,619,165,112,1739,1101,969,247,45,0.284,0
Player 0650,22,1144,4207,223,757,173,34,186,265,274,922,96,11,0.18,0
Player 0651,13,676,2824,169,758,116,17,115,272,215,525,75,19,0.268,0
Player 0652,17,2465,6793,727,1759,257,34,35,1101,545,1017,426,98,0.259,0
Player 0653,6,564,1494,100,360,61,24,9,185,135,274,78,25,0.241,0
Player 0654,21,1701,6202,264,1909,332,73,91,1309,702,1423,203,29,0.308,0
Player 0655,14,868,2671,140,690,83,23,20,289,236,256,118,14,0.258,0
Player 0656,14,1512,3963,165,1045,223,36,125,371,508,471,200,35,0.264,0
Player 0657,20,2460,8137,357,2089,500,74,56,1055,904,1771,313,37,0.257,0
Player 0658,16,400,1512,39,306,56,20,68,197,189,309,37,12,0.202,0
Player 0659,2,192,573,33,132,21,2,16,97,65,136,20,5,0.23,0
Player 0660,8,1232,3781,143,1148,191,24,156,807,239,492,108,31,0.304,0
Player 0661,5,305,1200,47,235,30,13,51,127,165,277,23,6,0.196,0
Player 0662,19,1159,3922,295,953,144,43,118,643,473,529,64,9,0.243,0
Player 0663,1,139,546,18,139,25,3,27,52,55,106,9,1,0.255,0
Player 0664,6,198,645,42,213,36,3,35,123,41,142,16,3,0.33,0
Player 0665,15,1140,4696,317,1394,258,38,107,1003,307,503,123,37,0.297,0
Player 0666,18,1512,5452,309,1365,302,40,61,694,574,615,143,24,0.25,0
Player 0667,13,1664,4487,204,1416,208,22,103,1039,392,776,47,3,0.316,0
Player 0668,22,902,3612,140,881,108,23,58,386,400,776,61,15,0.244,0
Player 0669,23,1863,6207,391,1895,236,105,195,743,518,574,137,18,0.305,0
Player 0670,4,176,482,33,107,14,6,11,59,46,104,22,4,0.222,0
Player 0671,24,3048,8411,343,2586,487,166,244,1843,562,1134,202,16,0.307,0
Player 0672,16,1712,6280,305,1606,348,58,271,762,401,910,19,4,0.256,0
Player 0673,16,1424,3674,284,859,194,27,68,575,208,493,34,6,0.234,0
Player 0674,3,228,681,31,178,34,12,21,74,84,153,21,6,0.261,0
Player 0675,16,704,1927,151,538,90,30,41,348,192,194,29,7,0.279,0
Player 0676,19,2736,8891,261,2246,311,100,393,1286,1202,1528,257,23,0.253,1
Player 0677,15,1635,5239,251,1516,254,43,193,636,615,543,175,51,0.289,0
Player 0678,3,198,670,50,167,26,5,3,106,79,153,33,9,0.249,0
Player 0679,14,1092,3249,149,947,212,41,123,601,311,674,132,34,0.291,0
Player 0680,24,2856,7295,608,2082,371,93,98,1157,900,856,43,14,0.285,0
Player 0681,19,2242,7946,381,2128,313,33,327,936,1071,1014,167,49,0.268,0
Player 0682,4,336,1053,50,268,41,18,35,107,121,148,48,6,0.255,0
Player 0683,24,1536,5540,432,1525,207,71,138,1117,329,802,83,15,0.275,0
Player 0684,24,2640,7087,410,2049,471,97,281,1254,769,1493,441,76,0.289,0
Player 0685,5,550,1387,72,474,59,12,66,319,84,236,54,11,0.342,0
Player 0686,21,2142,6259,599,1895,230,108,275,1191,356,929,55,18,0.303,0
Player 0687,11,374,1225,91,372,52,20,39,253,137,239,19,4,0.304,0
Player 0688,15,1290,4089,296,1512,328,30,168,627,511,626,211,34,0.37,0
Player 0689,12,1248,4839,113,1393,254,66,124,764,311,486,222,74,0.288,0
Player 0690,20,2960,9301,322,2669,520,136,413,1646,527,904,463,124,0.287,1
Player 0691,25,2325,7909,512,2330,379,142,367,911,1026,1045,149,22,0.295,1
Player 0692,20,1380,4842,173,1136,145,29,57,465,299,854,194,63,0.235,0
Player 0693,24,2328,5906,301,1502,334,95,99,906,313,599,111,19,0.254,0
Player 0694,24,1152,3888,289,980,140,39,71,683,446,653,86,18,0.252,0
Player 0695,3,108,333,15,97,12,1,4,59,42,41,13,2,0.291,0
Player 0696,7,791,2543,75,671,126,13,62,244,244,486,138,45,0.264,0
Player 0697,19,2907,7763,255,2133,277,55,113,1574,765,656,246,37,0.275,0
Player 0698,15,2010,7699,356,2371,311,72,267,962,618,1193,189,32,0.308,0
Player 0699,2,200,820,43,246,53,10,8,108,58,72,9,2,0.3,0
Player 0700,3,90,228,24,60,10,3,4,44,26,30,7,2,0.263,0
Player 0701,14,2142,7544,223,1859,276,46,288,1223,953,622,44,4,0.246,0
Player 0702,16,1328,5044,163,1562,252,108,125,1131,398,782,207,28,0.31,0
Player 0703,5,310,925,60,274,56,6,24,184,69,187,4,1,0.296,0
Player 0704,5,705,2706,112,578,73,27,121,352,200,259,88,25,0.214,0
Player 0705,4,488,1744,90,451,60,29,94,209,95,344,27,4,0.259,0
Player 0706,15,1830,7465,518,2058,399,125,248,989,562,1294,166,29,0.276,0
Player 0707,1,61,254,12,75,14,3,2,54,13,40,3,0,0.295,0
Player 0708,15,2295,5902,393,1781,421,96,59,1236,713,1038,179,46,0.302,0
Player 0709,12,996,3243,296,907,149,20,173,447,236,433,102,23,0.28,0
Player 0710,12,1128,3868,106,1123,143,17,150,560,433,749,134,38,0.29,0
Player 0711,17,2074,5702,591,1552,286,60,243,728,563,1167,352,33,0.272,0
Player 0712,14,1540,4730,293,1165,229,23,183,559,593,967,102,30,0.246,0
Player 0713,19,893,3731,170,973,133,33,52,675,509,459,97,9,0.261,0
Player 0714,20,1280,3235,362,875,163,23,88,309,268,597,209,66,0.27,0
Player 0715,24,1704,5570,326,1497,215,97,250,785,322,577,101,9,0.269,0
Player 0716,20,2960,11640,522,2374,525,150,562,1726,1367,1853,464,53,0.204,1
Player 0717,13,1521,4640,212,1188,261,71,78,673,240,373,262,33,0.256,0
Player 0718,13,936,3103,210,843,144,45,107,446,217,344,144,20,0.272,0
Player 0719,6,720,2997,147,779,183,18,38,369,164,542,76,14,0.26,0
Player 0720,15,1815,6002,230,1568,372,27,317,595,785,1319,240,61,0.261,0
Player 0721,4,304,827,71,237,32,12,14,104,41,72,27,8,0.287,0
Player 0722,24,1848,4782,409,1110,182,55,197,428,451,809,206,45,0.232,0
Player 0723,22,3102,12740,519,2713,521,95,210,1087,1123,2317,544,121,0.213,0
Player 0724,3,294,867,23,223,29,9,31,92,94,198,15,2,0.257,0
Player 0725,20,880,2954,156,876,145,36,112,412,224,545,127,37,0.297,0
Player 0726,3,354,939,28,308,46,8,20,109,120,90,34,3,0.328,0
Player 0727,19,1919,6179,185,1837,430,59,283,1341,717,639,76,12,0.297,0
Player 0728,3,273,1114,47,243,41,9,54,97,99,202,32,3,0.218,0
Player 0729,13,1547,5188,151,1358,287,65,247,683,426,594,223,30,0.262,0
Player 0730,17,2414,10020,339,2795,465,188,215,1961,1236,2289,257,61,0.279,0
Player 0731,19,1273,3742,285,1033,140,46,157,405,442,850,193,22,0.276,0
Player 0732,11,869,2917,128,842,188,46,96,457,250,676,62,6,0.289,0
Player 0733,24,1176,4658,352,1108,133,65,161,762,376,590,194,58,0.238,0
Player 0734,20,2180,7111,613,1936,245,41,205,1108,380,1384,262,29,0.272,0
Player 0735,6,462,1374,96,391,64,19,48,169,78,255,67,16,0.285,0
Player 0736,17,1173,4638,343,1386,280,57,54,892,254,397,66,11,0.299,0
Player 0737,19,2185,6910,592,1670,268,77,175,1039,360,846,187,60,0.242,0
Player 0738,9,702,2388,105,615,78,10,33,304,152,270,115,31,0.258,0
Player 0739,19,1615,6718,395,1209,191,78,127,445,854,936,30,2,0.18,0
Player 0740,23,1886,5312,207,1318,196,88,60,465,647,1234,148,47,0.248,0
Player 0741,21,1218,3669,280,923,111,14,57,627,462,789,173,33,0.252,0
Player 0742,20,820,2093,154,490,90,13,92,234,222,265,111,17,0.234,0
Player 0743,16,2112,6686,176,1843,246,45,217,746,709,1101,326,85,0.276,0
Player 0744,7,252,715,35,191,29,11,4,106,43,79,34,9,0.267,0
Player 0745,20,1340,4899,388,935,184,44,217,671,553,609,229,37,0.191,0
Player 0746,10,1110,3117,165,865,179,21,157,305,234,281,105,18,0.278,0
Player 0747,14,588,2144,70,509,77,30,105,189,207,391,68,8,0.237,0
Player 0748,8,880,2594,106,744,118,25,119,384,352,480,135,32,0.287,0
Player 0749,8,960,2979,178,670,100,27,162,415,382,637,124,41,0.225,0
Player 0750,4,444,1373,117,372,87,13,47,201,97,301,12,2,0.271,0
Player 0751,25,1600,5949,394,1547,221,67,316,1096,691,628,115,40,0.26,0
Player 0752,4,108,355,19,99,14,4,18,36,21,70,11,1,0.279,0
Player 0753,3,420,1307,52,358,62,10,27,174,68,132,58,17,0.274,0
Player 0754,24,1608,6350,144,1657,236,63,305,812,333,887,164,54,0.261,0
Player 0755,14,1806,6271,328,1355,188,88,279,658,409,1018,256,68,0.216,0
Player 0756,11,550,1574,142,343,45,14,68,186,177,138,83,9,0.218,0
Player 0757,19,874,3522,210,878,172,57,175,584,291,370,48,8,0.249,0
Player 0758,10,1260,3883,214,1047,202,47,94,499,199,479,144,14,0.27,0
Player 0759,4,588,1508,123,375,74,21,37,242,209,151,61,14,0.249,0
Player 0760,19,2584,8632,454,2519,536,78,319,1029,845,1980,125,43,0.292,0
Player 0761,5,610,1653,126,430,68,25,69,246,141,208,56,10,0.26,0
Player 0762,14,798,2318,154,547,125,16,113,273,224,371,82,10,0.236,0
Player 0763,24,3432,12938,788,3367,700,54,631,1904,1252,3097,511,77,0.26,1
Player 0764,24,2664,7252,510,2015,436,48,297,792,669,1237,235,55,0.278,0
Player 0765,10,470,1819,134,511,105,8,96,373,191,265,11,2,0.281,0
Player 0766,20,820,3356,142,1126,183,75,46,802,435,767,76,10,0.336,0
Player 0767,16,2208,7796,184,1922,295,134,409,1308,601,901,336,94,0.247,1
Player 0768,12,720,2669,95,713,121,40,21,504,250,290,77,7,0.267,0
Player 0769,4,496,1841,94,524,68,10,60,214,92,304,31,7,0.285,0
Player 0770,10,430,1800,85,484,84,31,17,266,229,267,71,13,0.269,0
Player 0771,17,1037,3194,208,806,100,45,106,384,247,662,37,4,0.252,0
Player 0772,25,1525,4234,361,913,109,30,103,643,315,367,99,24,0.216,0
Player 0773,1,61,206,8,51,11,2,1,21,28,36,5,1,0.248,0
Player 0774,18,2016,6867,456,1596,323,82,256,699,704,1330,273,54,0.232,0
Player 0775,22,3146,8816,738,1847,346,30,366,1153,538,2076,478,141,0.21,1
Player 0776,24,3432,12157,585,2943,473,125,166,1134,898,1256,68,14,0.242,0
Player 0777,11,1331,3359,224,783,147,43,133,503,274,401,192,30,0.233,0
Player 0778,3,153,623,18,180,40,4,8,82,86,142,20,6,0.289,0
Player 0779,7,1043,3076,178,895,177,35,36,549,273,556,169,56,0.291,0
Player 0780,22,2090,5365,528,1278,245,56,66,893,379,461,340,35,0.238,0
Player 0781,22,2090,5609,585,1463,256,81,196,868,568,518,297,99,0.261,0
Player 0782,16,1856,5398,390,1106,178,75,237,481,466,1110,78,22,0.205,0
Player 0783,4,496,1470,72,371,75,22,51,137,80,251,31,3,0.252,0
Player 0784,4,592,1513,136,429,101,21,68,157,192,257,100,22,0.284,0
Player 0785,12,1200,3569,291,1066,182,50,123,410,183,787,134,11,0.299,0
Player 0786,15,1560,4411,238,1080,180,52,197,628,577,523,158,37,0.245,0
Player 0787,1,121,380,31,116,19,5,20,56,46,40,20,6,0.305,0
Player 0788,18,1044,3293,100,714,122,13,80,319,187,586,165,29,0.217,0
Player 0789,14,910,2799,74,633,151,33,34,277,322,619,121,26,0.226,0
Player 0790,1,106,324,11,95,19,5,3,69,38,39,16,2,0.293,0
Player 0791,3,99,262,11,86,14,3,9,34,27,49,2,0,0.328,0
Player 0792,12,792,2013,216,578,95,36,65,272,205,210,109,32,0.287,0
Player 0793,19,2242,6375,388,1712,293,88,90,922,347,685,390,53,0.269,0
Player 0794,21,3171,12006,445,2319,288,81,589,812,664,2692,58,13,0.193,1
Player 0795,11,1012,4234,176,843,154,13,223,605,488,418,48,8,0.199,0
Player 0796,8,608,2479,101,680,147,12,43,264,147,207,88,24,0.274,0
Player 0797,25,2050,6882,299,1771,352,60,105,1103,493,1403,201,54,0.257,0
Player 0798,12,1368,4656,150,1076,154,43,73,647,441,642,33,8,0.231,0
Player 0799,8,760,2306,170,627,130,15,56,422,149,330,42,7,0.272,0
Player 0800,12,336,1282,36,351,72,8,61,214,155,266,21,5,0.274,0
Player 0801,1,95,361,23,109,16,3,12,71,44,39,6,1,0.302,0
Player 0802,8,616,2424,76,666,129,38,20,345,304,446,98,25,0.275,0
Player 0803,13,1508,6065,363,1898,366,108,173,1035,330,789,184,43,0.313,0
Player 0804,23,3174,10278,816,2777,613,100,97,1751,909,993,428,134,0.27,0
Player 0805,19,2850,10840,306,2883,393,70,274,1664,1368,2059,35,5,0.266,0
Player 0806,20,2080,8051,206,2473,354,52,202,1371,665,1054,171,16,0.307,0
Player 0807,14,1008,3048,291,718,128,14,114,310,343,666,64,21,0.236,0
Player 0808,3,246,1003,44,369,46,13,32,167,103,227,38,3,0.368,0
Player 0809,10,470,1250,102,353,59,6,60,174,101,269,80,25,0.282,0
Player 0810,25,3650,15294,310,4333,929,144,88,1532,1145,2012,299,73,0.283,0
Player 0811,2,270,1028,38,296,40,20,44,153,111,121,47,15,0.288,0
Player 0812,22,2992,7954,572,2670,467,114,48,937,493,1772,37,8,0.336,0
Player 0813,18,1206,4360,331,1298,309,78,88,747,555,664,78,23,0.298,0
Player 0814,8,528,1350,73,288,52,6,66,181,137,260,74,20,0.213,0
Player 0815,20,2720,10361,681,3306,594,98,409,1900,622,2200,193,42,0.319,1
Player 0816,21,1995,7698,450,1986,371,133,104,1246,872,957,332,59,0.258,0
Player 0817,2,232,817,24,223,31,8,24,78,72,80,10,0,0.273,0
Player 0818,3,264,1044,38,235,32,11,42,87,71,187,38,5,0.225,0
Player 0819,17,1394,3716,184,1071,215,73,192,674,507,648,61,20,0.288,0
Player 0820,25,2675,7942,474,1963,328,88,291,1317,911,978,116,17,0.247,0
Player 0821,1,130,416,28,113,17,3,2,71,43,72,11,3,0.272,0
Player 0822,17,1156,2973,202,773,95,34,89,475,375,613,197,42,0.26,0
Player 0823,4,520,1696,69,572,126,10,21,362,167,230,56,9,0.337,0
Player 0824,17,952,2809,221,953,118,20,20,615,252,333,112,38,0.339,0
Player 0825,16,1232,3902,256,1059,222,16,136,677,261,764,14,1,0.271,0
Player 0826,3,429,1382,83,376,62,23,60,242,88,284,8,1,0.272,0
Player 0827,18,2682,10714,541,2752,527,142,72,1044,952,2493,57,11,0.257,0
Player 0828,23,3335,9870,429,3046,456,95,436,1143,898,1022,498,50,0.309,1
Player 0829,22,1452,5836,333,1508,209,40,235,745,676,1297,72,9,0.258,0
Player 0830,1,134,432,22,110,20,5,18,61,38,87,8,2,0.255,0
Player 0831,7,1022,3124,163,950,193,62,53,622,322,600,116,12,0.304,0
Player 0832,7,1064,3568,120,896,128,28,88,433,445,464,116,34,0.251,0
Player 0833,12,324,1040,68,279,48,9,11,128,144,86,25,6,0.268,0
Player 0834,4,484,1421,102,305,52,18,24,202,112,229,5,0,0.215,0
Player 0835,22,3388,11365,524,3348,488,214,228,1505,1490,1428,292,45,0.295,1
Player 0836,20,2480,6839,667,2311,434,150,143,1567,838,864,336,39,0.338,0
Player 0837,21,1155,3578,307,1056,145,32,49,444,200,817,57,16,0.295,0
Player 0838,5,620,2146,64,689,124,14,30,340,171,224,80,17,0.321,0
Player 0839,1,38,121,8,29,3,1,6,14,8,27,0,0,0.24,0
Player 0840,23,2001,7805,333,2171,387,67,344,1019,856,1253,328,74,0.278,0
Player 0841,8,848,2490,254,590,92,37,55,207,248,533,145,30,0.237,0
Player 0842,17,1428,5924,184,1552,270,26,310,689,560,742,14,3,0.262,0
Player 0843,23,2645,10141,374,3012,518,150,171,1461,1203,1839,232,20,0.297,0
Player 0844,1,56,232,9,63,14,4,5,29,18,39,4,0,0.272,0
Player 0845,1,103,404,14,89,15,6,18,59,34,92,15,2,0.22,0
Player 0846,1,108,296,25,66,14,3,8,24,37,32,11,2,0.223,0
Player 0847,4,428,1453,79,322,47,21,24,162,199,163,48,12,0.222,0
Player 0848,2,124,345,15,99,16,1,8,36,41,79,5,0,0.287,0
Player 0849,21,1344,5229,257,1789,230,62,157,1292,363,500,31,4,0.342,0
Player 0850,16,928,3241,255,1029,175,15,116,685,194,588,118,31,0.317,0
Player 0851,25,2125,6264,540,1275,255,87,158,947,431,561,245,21,0.204,0
Player 0852,21,2121,8654,402,2767,610,178,229,1975,761,798,321,73,0.32,0
Player 0853,25,1800,4852,258,1469,276,24,88,699,345,851,276,53,0.303,0
Player 0854,6,468,1618,55,349,68,5,51,218,212,272,54,7,0.216,0
Player 0855,8,496,1847,135,479,67,16,29,226,203,317,50,11,0.259,0
Player 0856,22,1166,3031,275,934,116,27,146,658,265,472,192,26,0.308,0
Player 0857,7,770,2707,158,783,168,48,114,402,202,538,112,26,0.289,0
Player 0858,2,262,1018,71,228,31,5,25,114,85,243,41,4,0.224,0
Player 0859,17,1054,2755,112,802,105,46,116,573,255,341,188,35,0.291,0
Player 0860,21,2856,9627,657,1879,436,85,51,1286,1099,1268,224,48,0.195,0
Player 0861,25,2475,7275,315,1907,449,68,161,1404,422,958,326,28,0.262,0
Player 0862,24,1104,4004,117,1240,240,28,108,466,506,809,140,34,0.31,0
Player 0863,4,288,778,52,210,34,14,22,93,47,105,11,3,0.27,0
Player 0864,20,500,2046,82,516,113,25,86,242,150,385,59,19,0.252,0
Player 0865,22,660,2653,189,798,115,31,140,414,369,401,54,7,0.301,0
Player 0866,18,1224,3446,185,1047,179,37,82,564,231,610,106,14,0.304,0
Player 0867,21,1764,5379,457,1698,276,110,121,792,317,1143,71,11,0.316,0
Player 0868,21,2688,9405,657,2827,648,170,334,1883,1010,1525,367,117,0.301,1
Player 0869,12,504,1875,114,577,132,34,35,253,160,292,64,12,0.308,0
Player 0870,2,268,871,75,257,50,12,10,161,50,106,26,4,0.295,0
Player 0871,12,660,1825,112,509,67,32,96,351,91,296,24,6,0.279,0
Player 0872,6,252,674,41,184,32,5,30,108,38,82,26,2,0.273,0
Player 0873,3,345,1448,39,378,56,20,76,185,140,311,9,2,0.261,0
Player 0874,4,500,1637,70,372,84,13,26,158,115,232,33,6,0.227,0
Player 0875,18,1854,7385,507,1747,238,83,43,705,886,743,135,33,0.237,0
Player 0876,13,520,1726,95,448,56,31,46,290,219,204,83,23,0.26,0
Player 0877,14,546,2221,84,618,126,42,114,332,140,367,44,7,0.278,0
Player 0878,19,1425,3775,181,1209,210,52,44,445,303,855,159,40,0.32,0
Player 0879,14,1162,3130,216,840,185,39,33,624,197,400,184,40,0.268,0
Player 0880,16,2464,10054,585,3067,395,197,84,1897,762,1229,202,23,0.305,0
Player 0881,3,186,764,26,235,50,16,33,161,54,110,29,9,0.308,0
Player 0882,22,1100,3338,271,874,108,50,147,459,403,783,36,10,0.262,0
Player 0883,12,1764,5475,385,1592,196,29,217,1165,443,1178,127,41,0.291,0
Player 0884,4,180,588,45,153,26,5,4,65,55,61,4,1,0.26,0
Player 0885,21,588,1885,79,596,87,38,77,252,208,335,61,8,0.316,0
Player 0886,19,1501,4237,328,1238,236,70,116,874,525,875,259,50,0.292,0
Player 0887,2,154,620,17,141,17,7,7,99,47,125,18,3,0.227,0
Player 0888,5,525,1538,84,423,52,21,30,232,105,243,61,5,0.275,0
Player 0889,1,139,514,33,168,34,6,15,67,70,101,7,1,0.327,0
Player 0890,7,1022,2671,223,704,102,26,57,332,210,463,171,29,0.264,0
Player 0891,3,186,477,22,136,27,8,25,88,52,53,16,1,0.285,0
Player 0892,18,2736,9880,735,2856,599,88,283,1966,1096,879,151,46,0.289,0
Player 0893,14,1498,4608,137,1076,136,56,108,526,443,641,266,31,0.234,0
Player 0894,25,850,3072,179,884,187,48,118,331,216,276,69,14,0.288,0
Player 0895,19,2774,7378,822,1632,248,100,276,1005,462,1056,202,58,0.221,0
Player 0896,16,672,2765,132,686,114,22,14,443,259,587,10,2,0.248,0
Player 0897,13,1313,4953,336,1523,198,84,177,791,475,1065,52,6,0.307,0
Player 0898,2,254,1013,53,286,63,5,17,166,121,86,37,9,0.282,0
Player 0899,2,114,311,28,80,14,1,7,59,35,28,10,2,0.257,0
Player 0900,16,960,2922,215,834,150,31,117,373,385,546,165,51,0.285,0
Player 0901,1,86,268,19,71,16,1,8,41,36,42,2,0,0.265,0
Player 0902,2,280,955,36,258,41,17,22,153,110,99,32,2,0.27,0
Player 0903,6,324,973,78,285,64,18,13,162,55,203,42,10,0.293,0
Player 0904,23,2553,6645,337,1624,335,28,201,1132,574,761,295,41,0.244,0
Player 0905,12,996,3114,294,845,195,51,65,500,326,288,99,28,0.271,0
Player 0906,18,702,2058,91,533,122,22,104,294,212,411,76,20,0.259,0
Player 0907,11,1287,4061,169,871,208,46,128,347,269,720,163,47,0.214,0
Player 0908,5,665,1885,178,448,60,28,91,282,193,269,104,35,0.238,0
Player 0909,10,990,2915,132,947,204,44,71,381,237,556,66,15,0.325,0
Player 0910,3,141,502,22,142,30,3,23,51,40,113,12,3,0.283,0
Player 0911,20,900,2843,213,635,125,9,22,346,355,242,106,26,0.223,0
Player 0912,5,400,1234,45,266,40,11,24,154,108,222,25,3,0.216,0
Player 0913,10,900,3066,103,815,192,54,27,610,298,352,36,10,0.266,0
Player 0914,25,2400,9149,448,2970,429,138,60,1885,920,1425,418,111,0.325,0
Player 0915,15,840,2641,112,695,125,24,134,479,265,390,36,12,0.263,0
Player 0916,12,1080,3778,142,1192,217,19,154,582,261,537,53,7,0.316,0
Player 0917,14,882,3653,72,1031,143,67,132,570,379,403,101,17,0.282,0
Player 0918,20,2280,7723,368,2212,457,72,244,1636,618,1609,52,15,0.286,0
Player 0919,7,896,3625,134,809,105,43,121,418,394,510,14,1,0.223,0
Player 0920,16,1744,6713,151,2032,412,108,247,1367,423,1489,36,9,0.303,0
Player 0921,22,550,1429,119,369,81,10,66,206,199,195,17,3,0.258,0
Player 0922,15,2295,7411,499,2224,360,41,258,977,885,1588,190,23,0.3,0
Player 0923,12,336,1238,32,298,61,10,52,173,108,206,50,6,0.241,0
Player 0924,4,616,2573,92,710,98,23,49,310,198,364,41,12,0.276,0
Player 0925,7,203,665,55,187,41,10,35,65,56,128,16,1,0.281,0
Player 0926,24,2208,5868,459,1552,363,93,38,689,674,1208,247,69,0.264,0
Player 0927,14,532,1838,90,522,72,14,44,223,200,288,32,8,0.284,0
Player 0928,8,296,803,53,209,42,9,39,104,90,118,24,6,0.26,0
Player 0929,11,1243,4695,156,1160,209,19,65,818,610,809,94,17,0.247,0
Player 0930,15,1785,6003,461,1958,359,52,72,989,546,1042,121,10,0.326,0
Player 0931,14,560,2088,157,640,131,36,48,440,230,309,42,12,0.307,0
Player 0932,18,2718,10811,761,2631,470,154,285,1505,970,2175,32,3,0.243,0
Player 0933,7,462,1648,59,477,91,27,85,168,177,237,74,11,0.289,0
Player 0934,17,1122,3973,166,969,143,22,185,412,368,605,197,66,0.244,0
Player 0935,12,756,2859,87,653,108,29,80,471,342,505,118,19,0.228,0
Player 0936,24,2016,7927,297,2427,543,92,425,1435,400,1885,22,3,0.306,1
Player 0937,4,192,763,29,160,21,11,28,115,52,92,26,8,0.21,0
Player 0938,4,320,819,70,247,47,12,39,117,62,95,34,3,0.302,0
Player 0939,12,624,2150,75,561,79,37,37,357,290,232,16,1,0.261,0
Player 0940,13,403,1155,113,303,67,6,34,199,110,219,67,13,0.262,0
Player 0941,18,1296,5135,133,1460,276,58,33,1080,425,779,183,53,0.284,0
Player 0942,11,1232,4438,100,1288,216,73,24,460,383,630,42,13,0.29,0
Player 0943,23,2852,9167,764,2209,331,77,369,1614,831,1032,495,140,0.241,1
Player 0944,12,840,2368,197,698,120,34,25,353,303,527,26,8,0.295,0
Player 0945,4,268,824,42,225,52,9,26,154,112,124,23,1,0.273,0
Player 0946,3,381,1408,80,318,57,22,56,180,177,249,14,3,0.226,0
Player 0947,25,2825,8043,364,2123,374,52,53,1222,1011,788,100,11,0.264,0
Player 0948,4,532,1414,62,450,94,29,38,222,96,137,92,29,0.318,0
Player 0949,24,3408,13664,625,4491,743,166,535,3060,1013,1240,365,121,0.329,1
Player 0950,7,917,3483,144,1027,175,41,172,467,360,483,49,7,0.295,0
Player 0951,3,438,1243,94,283,45,12,24,154,135,193,62,18,0.228,0
Player 0952,8,632,1894,80,543,74,16,101,311,129,225,100,25,0.287,0
Player 0953,16,1216,5049,274,1513,311,102,238,978,591,686,201,21,0.3,0
Player 0954,11,726,2689,180,794,178,51,100,427,182,217,122,29,0.295,0
Player 0955,20,1100,3891,128,1157,264,79,95,719,286,529,180,61,0.297,0
Player 0956,16,1952,5900,174,1668,376,116,239,907,457,584,231,37,0.283,0
Player 0957,11,1287,3871,227,1035,180,53,177,635,488,389,87,6,0.267,0
Player 0958,16,2064,5298,516,1317,202,52,106,816,613,427,345,118,0.249,0
Player 0959,25,1150,4299,256,875,171,54,234,554,420,822,35,6,0.204,0
Player 0960,11,968,2491,226,702,164,11,125,476,308,570,37,7,0.282,0
Player 0961,4,212,531,35,146,30,8,15,82,65,95,17,4,0.275,0
Player 0962,11,1551,5800,204,1679,301,71,238,717,493,553,90,21,0.289,0
Player 0963,22,1298,5338,255,1191,241,61,166,740,642,1272,148,23,0.223,0
Player 0964,6,258,976,32,285,60,10,42,108,66,230,42,4,0.292,0
Player 0965,24,2376,7845,569,2682,617,94,363,1173,747,1215,222,67,0.342,1
Player 0966,15,2085,6935,257,1891,400,31,42,1261,420,674,217,45,0.273,0
Player 0967,16,2304,7468,331,2000,343,76,66,1048,660,1458,188,49,0.268,0
Player 0968,8,296,903,56,253,38,9,19,138,87,211,38,11,0.28,0
Player 0969,24,1608,5446,300,1857,334,50,277,1383,311,1114,43,3,0.341,0
Player 0970,1,44,142,9,33,5,0,3,14,13,25,0,0,0.232,0
Player 0971,8,520,1828,91,506,117,23,90,181,198,324,61,17,0.277,0
Player 0972,11,1034,4163,291,1007,182,32,117,397,438,984,104,34,0.242,0
Player 0973,12,732,3068,193,769,135,46,59,344,168,281,58,8,0.251,0
Player 0974,12,396,1043,108,279,45,5,52,178,61,108,26,4,0.267,0
Player 0975,4,364,1148,79,364,71,17,37,240,93,244,6,1,0.317,0
Player 0976,6,186,522,40,173,31,4,12,99,65,53,23,7,0.331,0
Player 0977,3,162,501,34,143,19,6,3,64,64,70,13,4,0.285,0
Player 0978,15,375,1120,65,287,64,13,11,160,87,140,32,6,0.256,0
Player 0979,9,324,906,48,323,52,16,10,114,103,107,52,11,0.357,0
Player 0980,15,1215,4615,255,1176,202,45,107,732,470,388,164,20,0.255,0
Player 0981,15,2025,6770,173,1692,244,72,239,1007,937,1154,95,25,0.25,0
Player 0982,18,2250,9141,183,1900,354,47,186,681,534,1318,273,83,0.208,0
Player 0983,14,518,1323,138,421,85,17,10,284,131,222,16,4,0.318,0
Player 0984,17,493,1288,44,391,88,13,23,256,133,165,21,3,0.304,0
Player 0985,15,1020,3249,199,1152,145,59,82,545,252,749,134,45,0.355,0
Player 0986,17,1853,4885,398,1081,255,42,266,653,264,852,58,6,0.221,0
Player 0987,16,1952,5751,241,1846,377,106,141,1090,314,1344,112,23,0.321,0
Player 0988,8,1056,4410,292,1201,185,46,41,489,400,599,171,39,0.272,0
Player 0989,7,483,1379,58,411,59,11,46,175,154,110,65,14,0.298,0
Player 0990,20,920,2609,252,553,86,16,133,344,294,534,154,43,0.212,0
Player 0991,9,252,875,62,281,63,4,38,203,58,185,40,9,0.321,0
Player 0992,14,616,2061,81,613,94,27,96,355,262,184,38,3,0.297,0
Player 0993,5,165,575,18,154,27,9,29,88,48,103,19,2,0.268,0
Player 0994,11,1496,4698,223,1374,281,78,173,836,642,872,111,24,0.292,0
Player 0995,14,826,3225,138,784,176,30,176,412,195,333,106,28,0.243,0
Player 0996,16,2112,5777,283,1442,286,37,38,535,723,972,146,31,0.25,0
Player 0997,14,1344,4338,402,1100,231,68,202,559,571,515,13,2,0.254,0
Player 0998,10,950,3488,123,715,100,12,166,507,432,288,24,2,0.205,0
Player 0999,25,2100,8349,551,2506,564,92,424,1683,1025,1825,296,86,0.3,1
Player 1000,13,1703,5327,195,1660,254,103,153,1196,439,845,41,8,0.312,0
Player 1001,21,630,2183,186,535,72,19,96,219,249,447,70,15,0.245,0
Player 1002,19,703,1840,91,519,123,11,27,286,187,360,109,22,0.282,0
Player 1003,14,1120,3124,193,814,117,24,109,475,275,746,152,23,0.261,0
Player 1004,23,1748,4575,354,1287,175,61,104,558,637,686,140,21,0.281,0
Player 1005,4,380,1420,40,352,68,8,49,151,108,210,17,1,0.248,0
Player 1006,24,2880,8610,747,2058,325,105,333,1364,750,1076,480,130,0.239,1
Player 1007,22,2222,8288,312,2542,345,99,185,1572,1087,1492,236,36,0.307,0
Player 1008,13,754,1970,151,527,101,17,31,320,149,310,59,9,0.268,0
Player 1009,19,1273,5049,255,1720,363,48,106,785,321,992,216,75,0.341,0
Player 1010,14,1708,6696,363,1818,391,109,255,1004,521,917,79,14,0.272,0
Player 1011,7,357,946,32,224,31,8,36,80,111,95,30,6,0.237,0
Player 1012,20,1800,4572,210,1430,267,79,192,574,582,996,51,9,0.313,0
Player 1013,7,665,1726,76,504,109,19,19,280,104,366,20,3,0.292,0
Player 1014,8,976,3856,142,1139,158,22,177,539,408,525,75,6,0.295,0
Player 1015,13,1521,4409,170,1374,199,53,173,1011,445,839,196,60,0.312,0
Player 1016,21,1785,6126,504,1514,182,64,39,815,675,972,120,24,0.247,0
Player 1017,10,650,2095,125,556,101,22,45,213,231,422,82,22,0.265,0
Player 1018,13,936,3605,203,951,136,56,102,339,491,513,137,46,0.264,0
Player 1019,2,156,519,24,116,24,7,11,74,42,85,24,1,0.224,0
Player 1020,3,159,532,22,138,32,8,5,57,40,47,2,0,0.259,0
Player 1021,2,212,886,40,280,40,13,13,119,90,95,30,3,0.316,0
Player 1022,2,104,286,15,79,15,3,1,41,25,58,3,0,0.276,0
Player 1023,22,2398,9381,373,2090,303,105,90,952,869,1323,308,95,0.223,0
Player 1024,22,2684,6946,482,1497,182,46,127,893,390,594,196,19,0.216,0
Player 1025,21,3150,10432,602,3424,722,204,479,1863,660,1114,410,142,0.328,1
Player 1026,2,80,320,23,85,14,5,10,33,42,46,3,0,0.266,0
Player 1027,2,246,893,31,220,51,6,23,146,50,174,29,5,0.246,0
Player 1028,8,288,1055,53,274,50,17,40,142,108,145,9,0,0.26,0
Player 1029,15,1020,3006,115,656,91,40,96,389,354,598,39,9,0.218,0
Player 1030,9,423,1358,66,434,75,16,15,152,69,295,48,10,0.32,0
Player 1031,13,598,1867,142,478,68,31,30,287,130,251,40,5,0.256,0
Player 1032,5,235,795,27,252,56,5,12,116,66,165,30,6,0.317,0
Player 1033,19,570,1872,118,508,103,8,65,278,178,187,72,6,0.271,0
Player 1034,8,1056,3226,181,1032,166,35,90,484,260,472,122,42,0.32,0
Player 1035,2,64,193,5,53,9,2,4,39,20,18,8,1,0.275,0
Player 1036,19,1444,4225,411,1266,253,43,138,559,297,373,209,43,0.3,0
Player 1037,23,2645,8253,452,2436,521,162,441,1742,431,745,436,127,0.295,1
Player 1038,1,153,421,38,122,15,3,8,87,21,40,3,0,0.29,0
Player 1039,11,1485,5914,254,1668,204,50,183,864,479,1263,159,50,0.282,0
Player 1040,21,882,3107,252,813,108,40,90,383,256,518,121,40,0.262,0
Player 1041,18,2754,7511,396,2531,423,38,306,1271,1016,1739,129,16,0.337,0
Player 1042,22,2398,8823,409,2102,369,115,366,1567,476,1465,131,24,0.238,1
Player 1043,11,528,2080,130,561,76,20,86,335,203,375,29,7,0.27,0
Player 1044,10,830,2410,129,651,110,44,36,369,245,263,89,8,0.27,0
Player 1045,18,2592,7143,415,2029,351,107,196,739,806,1189,187,51,0.284,0
Player 1046,4,304,764,90,194,25,3,34,133,82,108,37,3,0.254,0
Player 1047,6,288,743,58,208,47,4,17,79,37,170,32,10,0.28,0
Player 1048,16,2208,8381,511,2213,424,43,454,816,895,1922,268,73,0.264,1
Player 1049,17,2516,10512,557,2256,375,152,244,1037,830,1174,133,30,0.215,0
Player 1050,3,453,1167,118,315,56,16,34,170,139,209,63,12,0.27,0
Player 1051,13,1937,7305,522,1690,266,65,209,1196,489,1330,238,82,0.231,0
Player 1052,10,1380,3618,281,757,168,19,96,504,414,615,44,12,0.209,0
Player 1053,13,1092,3829,158,1052,198,66,181,451,407,382,48,14,0.275,0
Player 1054,24,1176,4451,99,1277,229,33,56,637,483,821,71,21,0.287,0
Player 1055,2,210,653,45,188,43,10,21,124,42,135,35,3,0.288,0
Player 1056,25,1325,3337,346,967,213,55,119,542,367,451,86,8,0.29,0
Player 1057,12,1032,3624,184,733,159,22,172,307,421,588,13,1,0.202,0
Player 1058,20,2200,9207,255,2047,301,87,326,1040,865,907,74,19,0.222,0
Player 1059,11,1628,4782,233,1621,224,44,253,973,385,1094,25,6,0.339,0
Player 1060,8,496,1399,95,326,66,11,68,241,90,136,38,6,0.233,0
Player 1061,20,1140,3090,301,900,158,61,69,553,235,350,165,56,0.291,0
Player 1062,18,2160,7438,254,1829,369,97,356,651,883,950,187,19,0.246,0
Player 1063,4,100,351,21,95,20,5,18,60,30,74,15,4,0.271,0
Player 1064,18,1764,6785,433,1681,261,75,121,757,768,1303,31,6,0.248,0
Player 1065,19,2299,8690,657,2517,388,70,308,1748,1013,704,206,39,0.29,0
Player 1066,10,960,3856,101,1059,189,57,73,533,426,421,138,11,0.275,0
Player 1067,24,1776,6872,504,1747,266,74,257,750,760,1374,221,61,0.254,0
Player 1068,17,2244,6553,476,1528,305,37,63,820,687,947,347,100,0.233,0
Player 1069,9,657,2263,163,632,132,23,94,285,218,190,37,6,0.279,0
Player 1070,1,117,351,10,79,13,3,9,35,23,82,11,2,0.225,0
Player 1071,17,1445,4422,276,1260,260,69,151,729,556,460,180,43,0.285,0
Player 1072,6,168,686,36,248,44,7,4,162,93,110,6,1,0.362,0
Player 1073,19,1767,6465,260,2051,421,129,257,1402,594,774,262,64,0.317,0
Player 1074,14,434,1804,75,532,78,19,53,270,241,357,27,5,0.295,0
Player 1075,12,1752,5621,353,1500,312,44,203,565,785,1148,45,14,0.267,0
Player 1076,5,515,1758,103,355,73,9,36,192,164,252,72,19,0.202,0
Player 1077,18,1314,4373,117,978,148,57,53,511,503,810,170,18,0.224,0
Player 1078,5,440,1180,77,371,69,12,31,159,127,266,70,20,0.314,0
Player 1079,11,1155,3352,146,812,180,33,174,575,239,705,186,31,0.242,0
Player 1080,21,1218,4137,343,1015,152,27,67,750,224,605,69,22,0.245,0
Player 1081,24,1488,3890,438,1027,213,54,150,380,353,585,177,42,0.264,0
Player 1082,25,1975,8064,288,1877,440,108,60,1254,974,1789,355,31,0.233,0
Player 1083,24,1392,3773,165,856,191,28,154,520,299,322,71,19,0.227,0
Player 1084,14,1722,4884,220,1310,220,87,82,595,589,408,155,17,0.268,0
Player 1085,6,228,866,42,206,39,3,23,124,94,97,37,11,0.238,0
Player 1086,21,2772,7386,755,1802,430,40,172,723,831,1568,76,25,0.244,0
Player 1087,21,1470,5924,279,1437,270,68,63,542,448,619,246,65,0.243,0
Player 1088,25,2425,9054,223,2610,349,139,201,1950,835,1137,225,50,0.288,0
Player 1089,17,765,2001,67,524,65,15,45,316,132,361,123,29,0.262,0
Player 1090,4,300,1102,39,290,62,13,34,130,79,120,34,6,0.263,0
Player 1091,13,1599,5714,424,1662,283,54,306,880,331,734,198,20,0.291,0
Player 1092,12,720,2726,156,722,108,32,77,527,167,421,101,33,0.265,0
Player 1093,22,924,3610,188,939,151,48,183,493,248,420,19,3,0.26,0
Player 1094,10,920,3423,138,980,206,67,96,695,349,817,107,17,0.286,0
Player 1095,9,414,1447,117,424,74,16,15,295,129,153,69,9,0.293,0
Player 1096,3,195,594,29,157,35,7,9,76,43,128,33,11,0.264,0
Player 1097,21,1743,6423,459,1752,364,81,162,1100,818,996,304,101,0.273,0
Player 1098,19,1862,7684,515,1864,441,60,163,1144,747,773,223,38,0.243,0
Player 1099,2,216,755,40,181,41,5,36,119,100,74,25,3,0.24,0
Player 1100,11,1232,4471,340,1327,199,92,174,658,479,715,128,38,0.297,0
Player 1101,12,1608,5214,226,1488,296,39,176,551,268,712,182,35,0.285,0
Player 1102,12,396,1499,89,428,52,25,44,179,198,176,45,15,0.286,0
Player 1103,23,1656,6948,164,1944,464,44,172,1159,883,1621,28,9,0.28,0
Player 1104,4,100,277,18,75,11,4,9,49,29,42,2,0,0.271,0
Player 1105,8,208,591,26,173,34,4,6,112,57,135,23,2,0.293,0
Player 1106,5,260,888,24,268,59,18,11,156,80,94,16,4,0.302,0
Player 1107,7,714,2369,57,715,99,37,47,274,221,259,43,14,0.302,0
Player 1108,23,3243,11258,491,2999,665,59,152,1070,1342,1974,139,25,0.266,0
Player 1109,24,3000,7750,629,2468,299,131,301,1635,745,954,438,139,0.318,1
Player 1110,2,218,694,39,192,33,9,4,109,45,76,37,7,0.277,0
Player 1111,16,2016,7037,295,2055,363,68,91,1362,388,669,235,80,0.292,0
Player 1112,6,282,985,84,275,45,8,49,114,60,90,48,12,0.279,0
Player 1113,5,670,2423,192,675,128,36,132,346,175,485,107,11,0.279,0
Player 1114,8,1120,4171,120,1018,233,56,122,730,346,521,52,10,0.244,0
Player 1115,5,185,664,31,195,31,6,19,81,86,157,6,0,0.294,0
Player 1116,13,1118,4296,249,1587,300,100,187,594,307,469,51,9,0.369,0
Player 1117,25,3300,11754,796,3019,680,89,80,1845,925,1606,86,28,0.257,0
Player 1118,15,1290,4403,207,1199,255,22,116,704,308,616,140,19,0.272,0
Player 1119,19,2546,8988,621,2286,285,109,89,1670,890,1438,147,49,0.254,0
Player 1120,13,1898,5071,203,1282,298,26,127,913,535,1112,313,33,0.253,0
Player 1121,1,86,254,13,82,10,2,13,53,24,54,9,2,0.323,0
Player 1122,3,96,326,22,80,15,3,13,28,44,26,6,2,0.245,0
Player 1123,7,483,1924,105,487,92,14,104,264,268,279,85,21,0.253,0
Player 1124,7,364,1330,96,285,61,7,56,201,166,282,62,20,0.214,0
Player 1125,22,1892,5020,170,1222,168,65,177,639,614,401,269,93,0.243,0
Player 1126,22,2222,7792,263,1637,231,73,332,1202,646,1288,321,81,0.21,0
Player 1127,22,1870,5379,169,1571,330,96,204,959,549,653,329,95,0.292,0
Player 1128,16,800,2998,97,1103,152,51,84,434,244,437,89,7,0.368,0
Player 1129,14,896,3500,72,900,158,37,68,498,422,515,143,27,0.257,0
Player 1130,17,1921,6740,366,1426,296,41,209,895,441,961,40,6,0.212,0
Player 1131,11,308,1079,60,325,64,19,19,122,74,240,32,9,0.301,0
Player 1132,17,884,2718,198,664,96,17,79,323,145,450,84,22,0.244,0
Player 1133,20,2820,9189,464,2898,453,82,113,1845,963,2063,46,11,0.315,0
Player 1134,20,740,2937,59,763,180,46,97,314,328,576,18,5,0.26,0
Player 1135,16,1248,4654,284,1153,200,64,80,564,234,633,17,1,0.248,0
Player 1136,2,102,345,9,91,11,4,6,56,33,54,6,2,0.264,0
Player 1137,19,722,2256,195,668,97,11,67,441,189,321,13,1,0.296,0
Player 1138,10,790,2042,67,535,86,11,26,298,247,434,64,11,0.262,0
Player 1139,19,1748,4794,343,1211,290,51,254,887,256,527,258,64,0.253,0
Player 1140,14,658,1860,182,489,76,27,50,352,101,427,75,12,0.263,0
Player 1141,23,805,2523,165,568,69,23,57,306,266,436,100,26,0.225,0
Player 1142,9,378,1551,80,440,79,7,10,182,160,275,5,1,0.284,0
Player 1143,24,2616,8786,601,1822,236,45,414,1201,1096,1429,399,121,0.207,1
Player 1144,22,2992,8674,319,2207,337,104,314,987,896,1463,104,13,0.254,1
Player 1145,9,432,1157,98,343,82,18,29,235,156,216,26,3,0.296,0
Player 1146,13,858,2638,234,740,151,12,45,432,206,487,83,7,0.281,0
Player 1147,14,966,3754,284,1091,137,18,158,553,322,428,162,34,0.291,0
Player 1148,20,1420,4475,252,1198,208,35,233,685,617,775,255,29,0.268,0
Player 1149,18,1008,3843,157,1194,167,23,92,672,229,525,144,23,0.311,0
Player 1150,22,704,2720,172,822,110,36,31,591,330,494,94,28,0.302,0
Player 1151,10,930,2500,185,714,135,15,26,311,127,419,92,30,0.286,0
Player 1152,13,923,3262,126,986,178,49,17,711,305,354,113,34,0.302,0
Player 1153,11,759,3135,89,928,194,53,132,336,200,619,26,2,0.296,0
Player 1154,23,1357,4320,159,1099,249,75,233,722,448,661,75,17,0.254,0
Player 1155,8,1160,3000,209,668,99,44,163,479,365,504,205,25,0.223,0
Player 1156,15,1560,6348,183,1807,416,54,280,917,336,1191,275,49,0.285,0
Player 1157,4,316,1264,26,365,66,6,16,138,81,233,20,3,0.289,0
Player 1158,22,1122,3800,102,1171,176,38,204,786,307,759,57,19,0.308,0
Player 1159,10,1290,4436,367,1052,233,56,94,722,323,501,63,15,0.237,0
Player 1160,9,1260,3603,121,858,106,15,78,415,304,351,116,17,0.238,0
Player 1161,15,435,1693,41,484,90,16,66,269,229,316,20,5,0.286,0
Player 1162,13,1885,6310,337,1687,348,52,47,1136,372,743,226,76,0.267,0
Player 1163,22,2530,6470,338,1319,202,35,299,562,569,636,57,5,0.204,0
Player 1164,14,518,1896,151,536,119,28,104,322,172,191,14,4,0.283,0
Player 1165,13,1586,6527,444,1339,199,68,285,699,491,848,90,12,0.205,0
Player 1166,3,114,445,19,105,23,4,19,44,33,106,16,1,0.236,0
Player 1167,1,31,92,5,29,3,1,2,19,10,9,2,0,0.315,0
Player 1168,10,390,1010,63,337,46,6,8,161,106,129,35,2,0.334,0
Player 1169,25,2100,8607,185,1957,324,45,384,1416,1059,1956,255,71,0.227,1
Player 1170,23,2415,9884,348,2554,568,92,344,1475,854,2314,347,35,0.258,1
Player 1171,16,1232,4195,131,1138,156,58,211,632,438,489,76,18,0.271,0
Player 1172,16,640,2298,65,763,171,35,24,396,299,507,85,21,0.332,0
Player 1173,10,500,1643,101,415,61,7,33,211,208,167,29,9,0.253,0
Player 1174,5,675,2169,68,549,95,37,49,371,288,437,80,24,0.253,0
Player 1175,1,150,405,15,131,21,4,15,81,30,33,12,3,0.323,0
Player 1176,9,1107,2949,205,757,101,26,130,499,408,427,185,33,0.257,0
Player 1177,8,304,880,53,259,60,12,46,134,108,105,53,6,0.294,0
Player 1178,5,655,2569,72,560,96,37,50,254,312,494,92,23,0.218,0
Player 1179,7,798,2192,64,578,117,29,65,222,241,180,132,28,0.264,0
Player 1180,1,93,268,11,56,10,3,1,36,37,41,3,0,0.209,0
Player 1181,16,688,2361,90,550,99,13,41,283,211,452,83,28,0.233,0
Player 1182,24,3696,10591,946,3170,614,155,251,1755,1236,926,161,26,0.299,1
Player 1183,18,1476,4099,415,1099,250,66,142,590,462,916,84,6,0.268,0
Player 1184,12,360,1244,60,321,65,13,35,167,144,171,35,11,0.258,0
Player 1185,11,572,1787,96,435,79,15,41,271,210,190,77,18,0.243,0
Player 1186,8,616,2195,145,575,113,39,79,341,147,254,81,22,0.262,0
Player 1187,4,132,534,28,149,28,3,24,110,43,71,20,2,0.279,0
Player 1188,15,1005,2770,121,843,144,31,47,341,236,309,105,19,0.304,0
Player 1189,15,1275,5167,132,930,181,58,114,538,606,835,213,54,0.18,0
Player 1190,1,148,597,26,143,24,9,24,53,68,108,23,3,0.24,0
Player 1191,11,396,1548,80,426,89,29,67,286,193,231,61,16,0.275,0
Player 1192,7,693,2476,76,659,155,41,114,393,299,367,33,4,0.266,0
Player 1193,5,720,2559,104,727,170,12,39,379,265,524,72,9,0.284,0
Player 1194,18,2322,8328,342,2326,508,153,266,1560,521,1067,313,26,0.279,0
Player 1195,14,2030,7457,279,1933,371,74,372,1028,799,1339,357,55,0.259,0
Player 1196,16,752,1901,136,478,100,24,46,210,246,423,9,1,0.251,0
Player 1197,18,2322,9586,519,2505,354,91,253,1350,1034,1106,152,43,0.261,0
Player 1198,25,3800,13283,729,4120,731,246,720,1558,1734,2380,259,60,0.31,1
Player 1199,21,1407,5386,174,1316,198,61,57,933,753,1247,83,10,0.244,0
Player 1200,16,1424,4473,146,1197,144,73,180,768,368,737,212,49,0.268,0
Player 1201,22,2068,5213,539,1440,339,36,247,941,599,1231,36,5,0.276,0
Player 1202,12,1068,3595,198,1166,260,29,45,815,354,465,75,14,0.324,0
Player 1203,25,1550,5211,145,1352,245,53,212,901,473,887,203,64,0.259,0
Player 1204,20,3020,9793,413,2972,447,45,278,1553,701,1270,239,65,0.303,0
Player 1205,17,2533,7795,650,2440,495,129,371,969,562,628,87,22,0.313,1
Player 1206,23,1702,4977,417,1332,229,41,250,665,331,1192,193,30,0.268,0
Player 1207,13,1677,5696,457,1495,323,68,276,1081,608,674,165,18,0.262,0
Player 1208,19,1444,4531,306,1171,280,22,37,854,284,1067,255,72,0.258,0
Player 1209,8,1024,4248,177,1108,179,27,181,728,377,783,140,32,0.261,0
Player 1210,25,2525,7054,438,2115,315,104,360,913,684,1584,448,111,0.3,1
Player 1211,16,1376,4187,168,1164,177,37,151,497,374,982,57,19,0.278,0
Player 1212,20,820,2459,183,684,89,18,86,480,312,420,114,19,0.278,0
Player 1213,12,1320,4519,275,1042,174,28,32,423,406,1084,136,40,0.231,0
Player 1214,22,1452,4862,165,1148,140,30,232,670,279,985,190,43,0.236,0
Player 1215,2,106,381,29,131,17,6,2,65,53,62,9,1,0.344,0
Player 1216,3,150,617,24,162,24,3,12,76,77,114,6,0,0.263,0
Player 1217,13,1976,5898,179,1432,199,50,302,889,645,655,35,8,0.243,0
Player 1218,19,722,2655,109,849,176,44,139,623,313,217,110,17,0.32,0
Player 1219,21,2688,6834,729,1912,253,82,373,1263,420,827,399,106,0.28,1
Player 1220,12,1644,4843,463,1405,314,67,139,764,575,724,61,16,0.29,0
Player 1221,17,493,1621,92,429,62,12,22,225,111,188,59,11,0.265,0
Player 1222,14,1414,3609,410,934,124,61,106,666,339,585,191,42,0.259,0
Player 1223,25,2500,8875,681,2343,284,88,89,1361,585,1644,261,65,0.264,0
Player 1224,17,1207,4409,315,977,201,30,214,536,519,815,77,15,0.222,0
Player 1225,11,1221,4602,328,1228,185,79,151,765,331,1026,195,61,0.267,0
Player 1226,25,1950,6587,319,1846,334,94,166,821,479,1545,232,23,0.28,0
Player 1227,3,246,867,60,290,38,14,7,108,51,192,32,11,0.334,0
Player 1228,25,2025,6425,419,1754,417,111,162,1213,737,1151,244,21,0.273,0
Player 1229,4,516,1326,122,249,33,4,64,147,101,149,68,9,0.188,0
Player 1230,8,856,2285,101,609,103,37,91,253,220,527,29,7,0.267,0
Player 1231,21,1554,5615,374,2054,456,107,51,963,448,606,259,26,0.366,0
Player 1232,19,2755,11550,800,3468,518,120,150,2587,1382,1203,161,24,0.3,0
Player 1233,25,3225,8149,472,1968,299,57,200,1188,573,1065,490,59,0.242,0
Player 1234,19,2774,9564,823,2780,603,57,96,1680,1288,1642,449,123,0.291,0
Player 1235,16,1904,7190,310,1754,268,117,371,664,567,1359,229,54,0.244,0
Player 1236,9,675,2636,83,586,70,13,99,432,156,216,75,7,0.222,0
Player 1237,1,125,428,13,110,18,3,4,77,30,87,3,0,0.257,0
Player 1238,4,268,952,67,260,31,13,42,147,53,102,22,2,0.273,0
Player 1239,8,480,1768,96,361,82,19,41,171,162,225,54,18,0.204,0
Player 1240,2,166,657,24,150,29,3,11,94,47,86,3,0,0.228,0
Player 1241,13,1963,5315,419,1436,272,85,178,981,689,707,56,13,0.27,0
Player 1242,20,1960,7986,300,2042,294,87,45,1356,770,1610,350,73,0.256,0
Player 1243,25,1850,4706,330,1335,272,82,133,988,334,407,122,28,0.284,0
Player 1244,13,1105,4333,298,985,198,19,204,595,392,482,76,25,0.227,0
Player 1245,22,1364,3587,309,1058,134,18,184,506,242,299,71,12,0.295,0
Player 1246,25,2750,7784,681,1779,401,89,172,976,514,1592,329,92,0.229,0
Player 1247,22,1540,3860,320,1264,239,29,143,855,297,916,139,27,0.327,0
Player 1248,12,1164,3791,346,795,171,34,61,362,226,703,168,43,0.21,0
Player 1249,9,657,2015,87,466,70,7,66,206,134,351,63,11,0.231,0
Player 1250,25,1650,4590,227,1306,175,75,81,835,617,1034,20,2,0.285,0
Player 1251,7,1057,3453,106,1133,231,73,115,597,379,417,97,9,0.328,0
Player 1252,11,759,2416,153,678,145,41,32,458,321,218,14,1,0.281,0
Player 1253,2,68,258,14,74,12,5,13,30,18,41,10,3,0.287,0
Player 1254,20,1480,5947,354,1609,197,104,293,779,756,723,43,12,0.271,0
Player 1255,17,1598,5767,245,1349,294,53,125,616,476,877,74,10,0.234,0
Player 1256,3,111,300,9,75,10,2,13,47,18,45,9,2,0.25,0
Player 1257,6,384,1152,84,262,42,16,11,171,141,150,16,4,0.227,0
Player 1258,14,644,2609,193,587,114,38,109,312,144,411,65,11,0.225,0
Player 1259,14,1260,3340,182,948,125,64,63,513,288,470,111,22,0.284,0
Player 1260,21,2499,7975,301,1839,236,105,93,740,986,782,429,117,0.231,0
Player 1261,7,1050,4307,149,1211,149,31,167,763,454,941,26,3,0.281,0
Player 1262,24,1800,7409,312,1662,382,111,211,1241,715,1424,194,43,0.224,0
Player 1263,12,1644,5259,222,1474,231,98,165,974,430,455,217,29,0.28,0
Player 1264,21,1092,3968,170,1003,199,51,123,440,225,390,34,2,0.253,0
Player 1265,6,756,2477,166,790,188,49,19,473,344,236,89,23,0.319,0
Player 1266,1,98,370,15,104,20,4,2,48,24,33,15,4,0.281,0
Player 1267,2,246,628,41,196,35,13,22,70,45,56,35,12,0.312,0
Player 1268,10,1230,3376,109,822,150,16,122,346,240,354,207,26,0.243,0
Player 1269,24,2256,7995,636,2174,359,135,58,850,1053,1724,298,83,0.272,0
Player 1270,2,116,335,19,78,14,1,8,33,39,71,8,2,0.233,0
Player 1271,10,930,3378,141,863,202,29,120,576,307,693,154,39,0.255,0
Player 1272,3,396,1226,39,319,68,7,46,149,166,218,19,6,0.26,0
Player 1273,24,3624,14522,795,3552,607,146,674,2318,795,2842,395,137,0.245,1
Player 1274,17,2465,9595,665,2182,348,60,249,1591,1251,1901,345,102,0.227,0
Player 1275,20,960,3204,85,706,159,47,103,409,177,712,151,52,0.22,0
Player 1276,18,1836,7002,205,1317,179,60,237,716,596,1380,304,75,0.188,0
Player 1277,17,646,1912,72,445,98,28,39,289,104,378,15,3,0.233,0
Player 1278,20,2220,7415,471,2164,325,65,57,841,1037,1547,296,97,0.292,0
Player 1279,1,154,436,43,93,19,1,2,48,57,73,6,1,0.213,0
Player 1280,22,682,2703,120,600,130,34,126,329,277,308,97,10,0.222,0
Player 1281,19,2090,8149,325,2711,480,145,122,1850,567,762,269,43,0.333,0
Player 1282,19,2793,11265,694,2790,399,125,411,1885,843,1656,114,17,0.248,1
Player 1283,10,1350,5388,328,1515,335,90,182,1044,487,510,204,63,0.281,0
Player 1284,21,1596,6593,214,1928,316,118,164,1212,521,706,141,20,0.292,0
Player 1285,10,380,1097,43,321,50,15,51,180,56,91,38,6,0.293,0
Player 1286,2,290,1184,46,256,46,17,47,174,129,151,50,11,0.216,0
Player 1287,23,3312,11496,830,3010,518,164,70,2104,1209,2703,402,40,0.262,0
Player 1288,6,600,1930,139,411,83,21,84,222,253,271,66,22,0.213,0
Player 1289,3,456,1574,103,559,76,19,47,416,146,186,5,1,0.355,0
Player 1290,16,400,1232,104,263,45,3,27,184,99,178,17,2,0.213,0
Player 1291,6,630,1884,88,439,99,12,77,243,180,241,9,1,0.233,0
Player 1292,22,660,1920,102,448,55,25,75,169,129,360,43,12,0.233,0
Player 1293,12,1752,4625,156,1006,175,54,94,442,491,839,120,30,0.218,0
Player 1294,1,113,377,30,119,23,3,20,78,44,31,11,2,0.316,0
Player 1295,24,3432,13759,714,4881,1105,241,515,1925,877,2226,436,73,0.355,1
Player 1296,13,1274,4549,185,1152,220,29,160,619,357,390,51,16,0.253,0
Player 1297,7,245,829,23,185,40,5,7,109,106,156,27,7,0.223,0
Player 1298,17,476,1536,113,294,43,19,29,206,146,352,78,21,0.191,0
Player 1299,14,952,3131,232,818,132,30,85,563,306,705,39,7,0.261,0
Player 1300,1,121,345,27,89,20,2,12,58,39,38,14,4,0.258,0
Player 1301,19,836,3259,104,805,182,33,99,413,332,647,14,3,0.247,0
Player 1302,11,1485,4213,417,1170,218,42,181,476,237,871,148,28,0.278,0
Player 1303,18,1008,3748,247,1063,188,58,67,656,458,818,137,46,0.284,0
Player 1304,23,2047,7762,459,2183,380,148,311,922,1032,943,32,10,0.281,0
Player 1305,16,816,2837,182,734,93,34,130,421,155,431,54,15,0.259,0
Player 1306,17,1445,5732,403,1326,301,63,247,984,349,661,230,66,0.231,0
Player 1307,7,581,1739,165,510,111,17,75,290,196,145,28,5,0.293,0
Player 1308,6,150,599,31,161,28,7,29,97,62,111,19,4,0.269,0
Player 1309,11,1078,4031,185,1213,186,39,37,753,340,600,122,16,0.301,0
Player 1310,22,2794,10778,447,3208,516,48,429,2188,1061,1290,105,25,0.298,1
Player 1311,14,2044,7419,531,1633,220,102,396,855,840,1599,278,50,0.22,0
Player 1312,9,603,2375,133,522,107,20,79,286,226,378,60,10,0.22,0
Player 1313,20,2780,11643,269,2835,529,119,184,1191,729,2784,80,26,0.243,0
Player 1314,22,3058,9829,340,2290,339,44,539,1364,570,2033,524,65,0.233,1
Player 1315,23,3519,13666,978,4051,788,247,187,1897,1223,2993,329,100,0.296,1
Player 1316,8,584,2199,160,620,147,15,47,342,292,448,79,12,0.282,0
Player 1317,18,2430,7945,703,2450,329,92,108,1608,796,770,114,10,0.308,0
Player 1318,15,1470,5991,255,1700,297,104,169,606,492,541,48,4,0.284,0
Player 1319,12,384,1217,96,337,60,13,31,193,160,275,52,10,0.277,0
Player 1320,10,600,2076,157,647,90,42,61,271,176,211,74,15,0.312,0
Player 1321,3,336,900,50,257,47,6,46,118,86,128,19,3,0.286,0
Player 1322,7,315,908,35,247,47,13,26,89,54,161,43,11,0.272,0
Player 1323,14,1134,4455,339,1433,199,98,136,598,518,507,108,22,0.322,0
Player 1324,23,2875,9125,249,2500,346,113,450,1861,1031,1058,199,19,0.274,1
Player 1325,22,968,3068,204,795,177,42,140,595,372,474,139,24,0.259,0
Player 1326,5,445,1298,99,312,49,11,22,199,102,178,51,5,0.24,0
Player 1327,17,884,2948,203,868,169,48,16,516,263,554,85,8,0.294,0
Player 1328,3,282,1091,38,341,66,22,39,225,71,100,39,5,0.313,0
Player 1329,17,952,3828,227,1026,226,55,180,727,523,605,97,26,0.268,0
Player 1330,9,1350,3535,172,1116,233,74,115,622,204,381,228,61,0.316,0
Player 1331,12,408,1418,107,285,62,13,22,103,153,251,60,18,0.201,0
Player 1332,18,2700,8894,346,2384,464,111,374,1510,1009,876,191,54,0.268,1
Player 1333,11,1397,4951,325,1329,231,42,190,988,317,552,124,27,0.268,0
Player 1334,21,2856,9311,720,2277,380,123,309,1031,771,1942,493,81,0.245,0
Player 1335,14,1890,6005,229,2122,351,134,289,1136,323,706,306,24,0.353,0
Player 1336,25,1225,4045,162,1082,184,54,178,535,404,800,52,13,0.267,0
Player 1337,16,2336,8151,587,2084,282,57,312,1054,1137,1008,132,20,0.256,0
Player 1338,8,816,2734,80,740,126,33,104,472,242,321,58,8,0.271,0
